"","committee_id","total_fundraised"
"1","C00000059",225
"2","C00000422",25903.6500000001
"3","C00000935",110250
"4","C00001016",463.24
"5","C00002089",60
"6","C00002840",182.76
"7","C00003418",335
"8","C00004325",407.5
"9","C00004473",300
"10","C00005157",170
"11","C00007658",295
"12","C00007898",1182
"13","C00007948",277.99
"14","C00008086",50
"15","C00008474",195
"16","C00008755",2.04
"17","C00009282",208.33
"18","C00010082",519.23
"19","C00010470",20
"20","C00010983",60
"21","C00012229",48472
"22","C00012245",416.66
"23","C00013342",1102.94
"24","C00013748",150
"25","C00017558",38.47
"26","C00018036",153.84
"27","C00024968",664
"28","C00027359",51.66
"29","C00027466",227
"30","C00028787",1660
"31","C00029447",491.67
"32","C00032979",345
"33","C00034132",242
"34","C00034330",100
"35","C00034355",190
"36","C00034488",208
"37","C00034678",250
"38","C00039461",268.62
"39","C00040279",192.3
"40","C00040535",41.66
"41","C00040741",343.82
"42","C00041160",10375
"43","C00041236",100
"44","C00043489",160
"45","C00046086",2750
"46","C00055582",200
"47","C00060103",25
"48","C00065870",624
"49","C00066472",81.25
"50","C00072769",529.98
"51","C00073056",715
"52","C00073627",-3
"53","C00073791",300
"54","C00075275",500
"55","C00078287",187.5
"56","C00079855",84
"57","C00080135",3600
"58","C00081414",1629.58
"59","C00082834",25
"60","C00084871",384.6
"61","C00084954",168
"62","C00085506",150
"63","C00088591",77
"64","C00090415",250
"65","C00093963",228.33
"66","C00096156",178.8
"67","C00096412",304264
"68","C00098061",150
"69","C00101105",1240
"70","C00102368",1800
"71","C00104083",263.3
"72","C00104109",20
"73","C00108035",20.83
"74","C00109165",892.3
"75","C00110338",500
"76","C00110478",50
"77","C00113753",76.94
"78","C00113811",250
"79","C00114108",1751
"80","C00114694",208.34
"81","C00115527",218.24
"82","C00116632",173825
"83","C00117424",135.9
"84","C00119008",310
"85","C00119354",200
"86","C00119776",364.63
"87","C00120030",5500
"88","C00127779",211
"89","C00128561",120
"90","C00129122",3252
"91","C00129171",80
"92","C00136739",812.39
"93","C00137265",1424.99
"94","C00139568",136.32
"95","C00140715",454483.16
"96","C00142315",1010
"97","C00143743",50
"98","C00144154",40
"99","C00144345",20
"100","C00144766",500
"101","C00148098",20
"102","C00148999",349944.7
"103","C00150797",475.25
"104","C00152892",1050
"105","C00154625",1212823.88
"106","C00155564",250
"107","C00157875",1000
"108","C00161414",63
"109","C00161901",138
"110","C00162818",110.13
"111","C00163048",680
"112","C00164418",406.25
"113","C00164848",25
"114","C00165548",2500
"115","C00166348",26.27
"116","C00166553",11749.96
"117","C00167346",100
"118","C00167460",569.23
"119","C00167585",239184
"120","C00168864",73.74
"121","C00169441",150
"122","C00170175",225
"123","C00170258",120
"124","C00172619",102439
"125","C00174334",125
"126","C00174367",300
"127","C00182980",130
"128","C00187450",2500
"129","C00188367",255.08
"130","C00193342",914391.92
"131","C00193433",100
"132","C00194126",50
"133","C00196089",5000
"134","C00196246",500
"135","C00196444",100
"136","C00196774",286006.15
"137","C00197749",80
"138","C00199257",15
"139","C00199497",1924.98
"140","C00200139",75
"141","C00200584",50900
"142","C00207993",10618.4
"143","C00211037",5108.85
"144","C00211763",27392.22
"145","C00213512",5182216.62999998
"146","C00214304",160
"147","C00216770",120
"148","C00219642",50
"149","C00226522",455957.7
"150","C00226928",541442
"151","C00228296",3250
"152","C00230482",2844146.06000001
"153","C00232843",7400
"154","C00235036",124
"155","C00235655",2500
"156","C00235853",100
"157","C00236489",5208.33
"158","C00238782",83.34
"159","C00238865",437673.02
"160","C00238907",151595
"161","C00240911",3716.66
"162","C00244335",15150
"163","C00245548",1592.31
"164","C00247403",1010.4
"165","C00247981",38.47
"166","C00248047",125.01
"167","C00248716",38.46
"168","C00248849",250
"169","C00249359",154.5
"170","C00250399",32.87
"171","C00253153",75
"172","C00253260",3050
"173","C00253468",8040.62
"174","C00255216",300
"175","C00255562",457714.72
"176","C00255695",150
"177","C00256925",214255
"178","C00257337",1441856.9
"179","C00257642",5310078.10000002
"180","C00258475",311280.03
"181","C00263053",4312.3
"182","C00264564",1616962.87
"183","C00264689",20
"184","C00264697",884702.01
"185","C00266940",1033766.49
"186","C00268904",100
"187","C00271312",175239
"188","C00271338",6
"189","C00273169",1022584.07
"190","C00274431",384.6
"191","C00274944",250
"192","C00276659",50
"193","C00279497",76.92
"194","C00279505",965
"195","C00279851",296608.43
"196","C00283135",270
"197","C00285171",244201
"198","C00286500",250591.94
"199","C00287904",345258.6
"200","C00287912",496450
"201","C00289603",546973.2
"202","C00290064",100
"203","C00290825",1061483.5
"204","C00296640",2500
"205","C00300376",300
"206","C00300731",450
"207","C00300863",200
"208","C00301838",389725.42
"209","C00302695",100
"210","C00303305",155150
"211","C00304709",226334.66
"212","C00304758",29.2
"213","C00306449",1000
"214","C00307314",84306
"215","C00308478",15.21
"216","C00308676",2309300.79
"217","C00308742",437500
"218","C00309146",525
"219","C00310532",307957
"220","C00311639",175809.83
"221","C00313247",1127212
"222","C00313510",176798.82
"223","C00314575",139095.03
"224","C00314997",384.6
"225","C00319194",5000
"226","C00322958",200
"227","C00323923",500
"228","C00324483",177.84
"229","C00325092",192.3
"230","C00325324",83
"231","C00325936",1000
"232","C00326330",88.41
"233","C00326363",507821.69
"234","C00326801",1013374.6
"235","C00327023",396270
"236","C00329425",6100
"237","C00330142",256822.4
"238","C00330233",550.65
"239","C00330886",893430.08
"240","C00331397",258796.47
"241","C00331462",450
"242","C00331686",360
"243","C00331769",500058.25
"244","C00332031",2000
"245","C00334383",5000
"246","C00334706",47500
"247","C00335570",74.51
"248","C00336743",500
"249","C00337964",130
"250","C00339655",84
"251","C00340224",1000
"252","C00342857",12603.34
"253","C00343459",4000
"254","C00343871",5403709.23
"255","C00344473",850492.72
"256","C00344697",3325
"257","C00345546",250546.86
"258","C00345793",39.37
"259","C00346312",2796204.69
"260","C00348938",104.61
"261","C00349217",106724
"262","C00349233",2500
"263","C00349506",220684.4
"264","C00349902",530
"265","C00350991",100
"266","C00352674",459
"267","C00353797",60
"268","C00354290",50
"269","C00354688",646701
"270","C00355719",34.5
"271","C00357863",232
"272","C00358903",620
"273","C00359034",307051.4
"274","C00359588",250
"275","C00360354",918.32
"276","C00361758",192.3
"277","C00362210",234.78
"278","C00362707",192.3
"279","C00363838",125
"280","C00364471",5210
"281","C00366013",692
"282","C00366559",250
"283","C00366948",163000
"284","C00367862",1178809.22
"285","C00368332",3500
"286","C00368522",173422.72
"287","C00368902",13.6
"288","C00369033",672270.8
"289","C00369801",171575
"290","C00370015",75
"291","C00370056",6698.13
"292","C00371203",162891.2
"293","C00371302",1491690.08
"294","C00371948",33.03
"295","C00372532",130716.07
"296","C00373001",539910
"297","C00373837",40
"298","C00374058",149828.28
"299","C00374306",22
"300","C00376087",341439.26
"301","C00376244",1000
"302","C00376376",265.38
"303","C00376582",25
"304","C00376665",4050
"305","C00376673",79260
"306","C00376939",1300179.96
"307","C00377044",340
"308","C00378752",450
"309","C00379735",592680
"310","C00380527",200
"311","C00382150",25
"312","C00382424",100
"313","C00383463",1000
"314","C00383489",38
"315","C00384057",167540
"316","C00384354",560
"317","C00384529",3801802.34
"318","C00385773",478527.77
"319","C00386029",220
"320","C00386524",1516.66
"321","C00386748",515464.46
"322","C00387753",384.6
"323","C00388827",15000
"324","C00388983",495
"325","C00390476",1447842.98
"326","C00390583",416.66
"327","C00390724",230647.31
"328","C00390963",900
"329","C00391029",272940
"330","C00392290",120
"331","C00392688",450258.82
"332","C00392738",5000
"333","C00393041",25800
"334","C00393629",1073949.03
"335","C00394650",590
"336","C00394957",8587217.84000014
"337","C00395467",51675
"338","C00395848",99050
"339","C00397505",133740.16
"340","C00397711",180.69
"341","C00398644",7740
"342","C00399386",250
"343","C00400333",19.23
"344","C00401034",68584
"345","C00401224",160
"346","C00402800",5050
"347","C00403881",500
"348","C00404020",50
"349","C00404301",450
"350","C00406645",250
"351","C00408260",2186.69
"352","C00408534",449121.65
"353","C00409219",331706
"354","C00409581",2714339.64
"355","C00410233",547338.62
"356","C00410639",3475
"357","C00410761",549952.19
"358","C00410803",535836.26
"359","C00411116",145
"360","C00411330",1597798.22999983
"361","C00411553",4225
"362","C00411587",53515
"363","C00412304",655682.460000006
"364","C00412635",1250
"365","C00412759",1333611.79
"366","C00412890",314835.33
"367","C00413914",1348906.21
"368","C00414474",20
"369","C00414490",150
"370","C00414649",900
"371","C00414896",38.47
"372","C00415182",23695
"373","C00415331",53897.66
"374","C00416594",2498218.82
"375","C00417774",19.23
"376","C00418293",36692.66
"377","C00419630",7330
"378","C00420745",84527
"379","C00420760",123327.5
"380","C00420935",9059554.7900002
"381","C00422980",35500
"382","C00424713",53351.1900000001
"383","C00424838",864.2
"384","C00426569",1000
"385","C00427542",234
"386","C00428623",50
"387","C00430157",113.37
"388","C00430991",546928.95
"389","C00431056",1088647.17
"390","C00431312",416.66
"391","C00431353",1037880.22
"392","C00431874",5000
"393","C00432260",200
"394","C00432823",850
"395","C00433391",61000
"396","C00433672",769.2
"397","C00433805",300
"398","C00434191",444998.5
"399","C00434563",361993.82
"400","C00435099",1292890.35
"401","C00435321",30.49
"402","C00435974",314775
"403","C00436386",295848.29
"404","C00437277",341990.18
"405","C00437889",775357.22
"406","C00438697",183966.54
"407","C00438713",1020679.24
"408","C00440362",56498.5
"409","C00440644",10
"410","C00441014",834083.05
"411","C00442020",70
"412","C00442921",108378.34
"413","C00443218",532535
"414","C00443580",161810
"415","C00443689",337929.18
"416","C00444620",584800.58
"417","C00444885",129.36
"418","C00444968",232200.05
"419","C00445023",282850
"420","C00445163",914250.97
"421","C00445452",368219.3
"422","C00446237",20
"423","C00446815",537120.7
"424","C00446906",446236.15
"425","C00447201",126
"426","C00447474",250
"427","C00447565",625
"428","C00447748",100
"429","C00448696",500
"430","C00450049",294887.23
"431","C00450056",192.3
"432","C00450353",3756.15
"433","C00452581",2500
"434","C00453704",300
"435","C00454074",330
"436","C00455378",1500
"437","C00455733",144
"438","C00456939",10000
"439","C00457325",198969.03
"440","C00457556",103225
"441","C00458117",37100
"442","C00458125",392108.27
"443","C00458315",1266770.23
"444","C00458398",8389005
"445","C00458463",500
"446","C00458679",395191.449999999
"447","C00458828",1492223.44
"448","C00458877",-19300
"449","C00458976",551435
"450","C00459099",434219
"451","C00459255",2701606.51
"452","C00459297",576978.6
"453","C00459743",360
"454","C00459800",110
"455","C00460055",165868
"456","C00460063",148027.5
"457","C00460261",157436
"458","C00460550",285414.02
"459","C00460659",339180.96
"460","C00461061",299148.32
"461","C00461129",76.92
"462","C00461806",384192.53
"463","C00461822",198400
"464","C00462374",431452.62
"465","C00462697",133778.4
"466","C00462861",1079148.51
"467","C00464073",26244
"468","C00464149",2136264.39
"469","C00464602",1352479.41
"470","C00465211",2500
"471","C00466482",1328279.95
"472","C00466516",23225
"473","C00467373",300
"474","C00467381",140
"475","C00467571",626643.7
"476","C00468256",102356.28
"477","C00468314",47
"478","C00468579",216723
"479","C00469163",1590
"480","C00469429",10550
"481","C00469882",10788.15
"482","C00472704",760406.18
"483","C00473132",427800
"484","C00473371",810519.09
"485","C00473827",1833475.11
"486","C00474189",104800
"487","C00475350",35
"488","C00475392",274334.83
"489","C00476317",2030073.52
"490","C00476564",377701.25
"491","C00476820",249795
"492","C00476978",760
"493","C00477240",127967.64
"494","C00477323",331175
"495","C00477745",557900
"496","C00479063",154867
"497","C00481911",149665
"498","C00482463",10000
"499","C00482737",152300
"500","C00482984",17113163.52
"501","C00483883",-15
"502","C00484535",500
"503","C00485896",3557.7
"504","C00486563",2826075.67
"505","C00486845",115
"506","C00487470",250
"507","C00488387",5100
"508","C00488478",120
"509","C00488882",76.92
"510","C00489302",170
"511","C00491050",40
"512","C00491357",241101.08
"513","C00492058",10000
"514","C00492645",279482.77
"515","C00492785",2951113.39
"516","C00492983",3000
"517","C00492991",2268705.07
"518","C00493700",10000
"519","C00494856",326861.02
"520","C00494930",1661558.87
"521","C00495028",10
"522","C00495358",985760.25
"523","C00495507",11604
"524","C00495846",851454.34
"525","C00495887",3100
"526","C00495952",778053.06
"527","C00496075",5394954.31
"528","C00496752",983.32
"529","C00496760",433475
"530","C00497131",5000
"531","C00497321",86000
"532","C00497545",300
"533","C00497818",272198.75
"534","C00497933",118859.79
"535","C00498121",215746.61
"536","C00498212",500
"537","C00498345",1901522.85
"538","C00498667",263515.37
"539","C00498873",213203
"540","C00498907",148052.83
"541","C00499392",853547.33
"542","C00499467",993747.92
"543","C00499863",250
"544","C00499947",1162145.31
"545","C00499988",1165167.57
"546","C00500421",165923
"547","C00500843",949943.629999995
"548","C00501205",1000
"549","C00501429",19.23
"550","C00501643",271332
"551","C00501924",15350
"552","C00502179",139974.43
"553","C00502229",262698.98
"554","C00502294",1053053.66
"555","C00502575",333466.68
"556","C00503052",1337545.07
"557","C00503110",571200.07
"558","C00503185",2154936.34
"559","C00503847",150
"560","C00504019",190222.6
"561","C00504522",486661.89
"562","C00504704",191040.26
"563","C00506048",323284
"564","C00506832",199849.45
"565","C00506931",222730.19
"566","C00507368",296000
"567","C00508804",2712121.68
"568","C00509331",263.15
"569","C00509422",242604.99
"570","C00509729",374675.960000001
"571","C00509968",1739959.25
"572","C00510164",1007011.06
"573","C00510461",664308.69
"574","C00512426",1520176.13
"575","C00513077",487680.79
"576","C00513549",485.9
"577","C00514893",587642.02
"578","C00516047",5125
"579","C00516666",397215.57
"580","C00519355",404395.5
"581","C00521948",797691.42
"582","C00523498",1200
"583","C00524769",480
"584","C00525071",225
"585","C00527457",534466
"586","C00528182",153226.66
"587","C00529891",40
"588","C00529909",192.3
"589","C00531590",2033.39
"590","C00532465",42980
"591","C00536466",125
"592","C00536680",251926.08
"593","C00539825",145530
"594","C00539866",229184.05
"595","C00539890",801
"596","C00540187",2500
"597","C00540229",35
"598","C00540302",8288934.38999991
"599","C00540500",2313525.88
"600","C00540617",876299
"601","C00540732",412551.4
"602","C00540898",100
"603","C00541862",552198.18
"604","C00541888",200010.6
"605","C00542464",25000
"606","C00542555",500
"607","C00542837",250
"608","C00543231",97960.96
"609","C00543363",181425
"610","C00543892",131460
"611","C00543967",555040.25
"612","C00543983",507696.2
"613","C00544007",300
"614","C00544387",87721.21
"615","C00544551",184701.9
"616","C00544684",318734
"617","C00544817",191.66
"618","C00545749",862602.889999999
"619","C00545772",132820.58
"620","C00546119",115.39
"621","C00546234",244.16
"622","C00546358",145280
"623","C00546499",295984.48
"624","C00546788",355593.58
"625","C00546903",290
"626","C00547240",407715.95
"627","C00547893",2628437.86
"628","C00547976",171366
"629","C00548180",774065.91
"630","C00548248",176.92
"631","C00548289",758411.02
"632","C00548461",600
"633","C00549014",5000
"634","C00550707",21062.34
"635","C00550970",40
"636","C00551184",38
"637","C00551275",1458349.14
"638","C00551374",408076.38
"639","C00552539",1000
"640","C00552547",43172
"641","C00552679",85
"642","C00552711",2000
"643","C00553099",50
"644","C00553859",311024.88
"645","C00554709",66479
"646","C00555813",8925
"647","C00555888",534271.36
"648","C00556258",5800
"649","C00556365",1644.84
"650","C00556506",238871.14
"651","C00557223",6010
"652","C00557652",92535
"653","C00558213",226783.4
"654","C00558320",362166
"655","C00558437",145004
"656","C00558486",571393.85
"657","C00558627",880751.819999999
"658","C00558825",1223224.62
"659","C00559393",409973.6
"660","C00560359",1000
"661","C00561530",391146.7
"662","C00561597",323606.64
"663","C00562777",1750
"664","C00563429",10000
"665","C00564377",961.5
"666","C00566232",46323.78
"667","C00567693",2500
"668","C00568162",225000
"669","C00568410",269.22
"670","C00569707",15
"671","C00570226",70
"672","C00570994",304674.2
"673","C00571091",5000
"674","C00571125",191.3
"675","C00572479",187.5
"676","C00572602",2782.44
"677","C00573253",50
"678","C00573261",90.69
"679","C00573378",345854.14
"680","C00573444",500
"681","C00573550",4454.55
"682","C00573758",578284.11
"683","C00573949",2273601.85
"684","C00573980",275006.09
"685","C00574103",100
"686","C00574350",60.48
"687","C00574889",3663275.26000024
"688","C00575050",559083.05
"689","C00575092",2764746.76000001
"690","C00575126",951393.17
"691","C00575167",847953.67
"692","C00575209",1709539.81
"693","C00575233",909640.67
"694","C00575548",21133739.58
"695","C00576041",390226
"696","C00576173",211139.83
"697","C00577353",256351
"698","C00577999",635379.95
"699","C00578302",159142
"700","C00578450",15000
"701","C00578567",62000.28
"702","C00579359",145.83
"703","C00581058",2700
"704","C00581074",236288.53
"705","C00581876",250
"706","C00582304",461723
"707","C00582635",27266
"708","C00582890",1785114.24
"709","C00583161",5000
"710","C00583435",2000
"711","C00585885",18.75
"712","C00588392",103094.1
"713","C00588657",510305.7
"714","C00588764",279825
"715","C00588772",13445482.73
"716","C00589119",145
"717","C00590307",836.12
"718","C00590471",213.47
"719","C00590489",25487443.78
"720","C00590778",727203.22
"721","C00591065",173922.38
"722","C00591388",6886.96
"723","C00591917",365
"724","C00592048",5525
"725","C00592154",527879.14
"726","C00592535",1000
"727","C00592659",472172.26
"728","C00592808",50000
"729","C00599084",4000
"730","C00599092",10000
"731","C00599464",261502.1
"732","C00600718",187098.8
"733","C00603084",50110
"734","C00604496",1e+05
"735","C00605592",559907.01
"736","C00606764",7242.78
"737","C00606939",841208.41
"738","C00607200",6750
"739","C00607416",696685.62
"740","C00607838",612005.43
"741","C00608398",10917854.74
"742","C00608695",355078
"743","C00610212",352772.83
"744","C00610360",225
"745","C00610451",798244.64
"746","C00610964",149305.22
"747","C00612432",1162243.76999997
"748","C00612846",350
"749","C00614115",424149.31
"750","C00614214",382353.51
"751","C00614776",5306326.14999993
"752","C00614826",374662.5
"753","C00615203",250
"754","C00615294",169985
"755","C00617662",331793.83
"756","C00620443",500
"757","C00620518",14839295.1800001
"758","C00623595",2500
"759","C00624049",158515
"760","C00624890",20000
"761","C00624965",150
"762","C00628917",751350
"763","C00629659",318313.98
"764","C00630665",5000
"765","C00631051",1050
"766","C00632067",295380.87
"767","C00632133",410
"768","C00632257",1722988.67999998
"769","C00632828",524337.97
"770","C00633404",1187
"771","C00633610",211347.36
"772","C00633859",496315.83
"773","C00633982",25
"774","C00634253",1904204.33
"775","C00635243",182.41
"776","C00635888",750
"777","C00636092",247204.56
"778","C00636571",6228308.14
"779","C00636670",427387.5
"780","C00637215",1767369.66
"781","C00637363",842525.63
"782","C00637371",981796.27
"783","C00637868",756147.6
"784","C00638023",1417322.76
"785","C00638130",5000
"786","C00638148",20
"787","C00638437",3910
"788","C00638650",2010690.52
"789","C00638767",557447.470000001
"790","C00639062",500
"791","C00639146",2032379.57
"792","C00639591",1645836.35999992
"793","C00640003",1818584.99
"794","C00640045",471288.17
"795","C00640300",80
"796","C00640714",866203.5
"797","C00646844",2539140.27
"798","C00647065",169193.52
"799","C00647214",605.13
"800","C00647339",404450
"801","C00647354",5000
"802","C00648220",1969204.06
"803","C00648253",560734.77
"804","C00648295",108011
"805","C00648493",1870037.53
"806","C00648717",693
"807","C00648915",1201948.77
"808","C00649376",748228.38
"809","C00649913",3242460.21
"810","C00650150",3710689
"811","C00650697",418669.339999999
"812","C00651026",5400
"813","C00651042",15
"814","C00651505",10000
"815","C00651547",6450
"816","C00652149",424193.18
"817","C00652628",3817251.72
"818","C00652719",2113887.94
"819","C00652727",1764265.6
"820","C00652743",388069.5
"821","C00653147",435150
"822","C00653196",293076.72
"823","C00653220",255722.73
"824","C00653386",360
"825","C00653634",54923
"826","C00653816",1806020.16
"827","C00653923",304910.07
"828","C00654723",273150
"829","C00655332",264466.72
"830","C00655571",1204199.58
"831","C00655613",1961411.11
"832","C00655647",354075.51
"833","C00656611",250
"834","C00656686",1831629.47
"835","C00657304",3456538.03
"836","C00657361",34161.02
"837","C00657411",913344.73
"838","C00657833",332355.97
"839","C00657866",100
"840","C00657965",463.3
"841","C00658385",445157.41
"842","C00658401",344746.19
"843","C00658567",2395060.75
"844","C00659367",24950
"845","C00660464",1769508.48
"846","C00660555",93280
"847","C00660795",2583091.53
"848","C00661496",150
"849","C00661561",249297.65
"850","C00661777",220496
"851","C00661868",651304.06
"852","C00662148",25
"853","C00662577",1056559
"854","C00662601",152570
"855","C00662619",1158850.56
"856","C00662650",355105.4
"857","C00662767",514778.79
"858","C00662841",2900
"859","C00662940",69436.78
"860","C00663294",300
"861","C00663435",47720.22
"862","C00663781",285846.18
"863","C00663823",10050
"864","C00663914",277999.13
"865","C00663963",500
"866","C00664375",4063424.89000001
"867","C00665331",300
"868","C00665638",2561267.59000001
"869","C00665695",2087876.46
"870","C00665752",411452.4
"871","C00666321",833
"872","C00666396",814548.480000001
"873","C00666859",1055968.11
"874","C00667741",296077.740000001
"875","C00668194",51135
"876","C00668228",1406700.76
"877","C00668491",167085
"878","C00668608",963984.670000003
"879","C00669242",66.53
"880","C00669358",418585
"881","C00669531",80729.65
"882","C00669598",96257
"883","C00669960",10
"884","C00670034",2487492.67
"885","C00670216",300
"886","C00670463",61142.07
"887","C00670547",366553.22
"888","C00670695",144500.12
"889","C00670844",477504.59
"890","C00671891",464193.62
"891","C00672154",10890.96
"892","C00672295",1530972.87
"893","C00672576",75000
"894","C00674085",20156
"895","C00674259",246190
"896","C00675108",472508.46
"897","C00675348",280816.85
"898","C00676965",1125833.81
"899","C00677286",1177446.16
"900","C00677492",137053.54
"901","C00677898",811262.01
"902","C00678839",10
"903","C00680918",111861.77
"904","C00680934",729664.900000003
"905","C00681106",1000
"906","C00681221",102.98
"907","C00682948",15200
"908","C00685370",6000
"909","C00686055",192.31
"910","C00687541",200
"911","C00687558",1000
"912","C00688549",5000
"913","C00688739",200
"914","C00689091",454.54
"915","C00689885",2650
"916","C00690586",140.9
"917","C00690735",48000
"918","C00691170",500
"919","C00691832",6804.19
"920","C00691931",77811.8
"921","C00692129",5
"922","C00692137",500
"923","C00693143",25791.7
"924","C00693309",500
"925","C00693663",463182.53
"926","C00694323",20
"927","C00694604",15936.53
"928","C00694778",1247663.1
"929","C00695395",35
"930","C00695866",277566
"931","C00696104",196492.87
"932","C00696492",13873.75
"933","C00696526",36757435.7699969
"934","C00696815",16550
"935","C00697052",98278.1
"936","C00697250",408555.88
"937","C00697334",87483.5800000001
"938","C00697391",42170.66
"939","C00697649",441725.1
"940","C00697789",600414.85
"941","C00698217",3725
"942","C00698753",1200
"943","C00699157",60
"944","C00699660",552991.61
"945","C00699694",9295
"946","C00699702",2000
"947","C00699744",1229933.45
"948","C00699843",50
"949","C00700161",98155.85
"950","C00700187",24722.87
"951","C00700237",199622.5
"952","C00700823",24911.26
"953","C00700898",768829.56
"954","C00701003",1851938.85
"955","C00701102",2237375.12999998
"956","C00701672",491522.81
"957","C00701755",491620.57
"958","C00701847",242992.28
"959","C00701888",10
"960","C00701953",214825
"961","C00702019",2000
"962","C00702191",1125320.31
"963","C00702332",23047.04
"964","C00703058",1869218.13
"965","C00703843",431048.79
"966","C00704049",1231073.14
"967","C00704270",71840.22
"968","C00704973",13979.11
"969","C00704981",2177264.73999997
"970","C00705236",150525.55
"971","C00706242",117860
"972","C00706267",1825687.81
"973","C00706275",242074
"974","C00706374",207883.96
"975","C00706549",891717.95
"976","C00706614",919780.819999999
"977","C00706697",2800
"978","C00706747",1841993.49
"979","C00706788",180344
"980","C00707059",1323.23
"981","C00707091",29638.28
"982","C00707414",263.7
"983","C00708073",9030
"984","C00708081",75
"985","C00708263",350655.92
"986","C00708289",1934672.42999999
"987","C00708479",291811.7
"988","C00708628",230
"989","C00708644",15000
"990","C00709006",1975155.92
"991","C00709196",554661.43
"992","C00709501",3100
"993","C00709691",45
"994","C00709782",24750
"995","C00709881",225
"996","C00710103",1893604.31
"997","C00710533",10549
"998","C00710632",34341.67
"999","C00710962",910149.68
"1000","C00711010",617979.44
"1001","C00711150",1161786.92
"1002","C00711317",1926137.41
"1003","C00711358",19556.66
"1004","C00711416",3625
"1005","C00712257",250
"1006","C00712398",119348.74
"1007","C00713297",1600
"1008","C00713511",23266.25
"1009","C00714261",1968811.97
"1010","C00714295",8398
"1011","C00714378",100723.52
"1012","C00714543",407023.77
"1013","C00714865",928554.39
"1014","C00715854",1611769.44
"1015","C00715896",500
"1016","C00716399",294696.17
"1017","C00716498",2299387.4
"1018","C00716670",250
"1019","C00716720",193073.64
"1020","C00717587",18474
"1021","C00717876",1307486.3
"1022","C00717959",327292.59
"1023","C00718155",24558.03
"1024","C00718239",1345952.65
"1025","C00718346",329230.75
"1026","C00718627",1274184.22
"1027","C00718635",408471.6
"1028","C00718650",500887
"1029","C00718866",549638.000000005
"1030","C00719070",8553
"1031","C00719104",11400
"1032","C00719294",788755.94
"1033","C00719559",205189.66
"1034","C00720011",219277.92
"1035","C00720078",186117.48
"1036","C00720094",6316.13
"1037","C00720375",402315.32
"1038","C00720573",2875.5
"1039","C00720649",1000
"1040","C00720870",414631.29
"1041","C00720912",1381877.32
"1042","C00720920",10000
"1043","C00721019",511407.66
"1044","C00721308",409538.08
"1045","C00721332",494980.94
"1046","C00721365",837438.88
"1047","C00721449",617137.19
"1048","C00721548",41596.8
"1049","C00721597",4720
"1050","C00721878",75133
"1051","C00721993",96.25
"1052","C00722207",6544.69
"1053","C00722363",23841.7
"1054","C00722470",7126
"1055","C00722892",1308438.32
"1056","C00723007",85436.23
"1057","C00723734",3940
"1058","C00723916",700276.08
"1059","C00724245",156270.03
"1060","C00724609",750
"1061","C00724799",76750
"1062","C00724914",-350
"1063","C00725101",1876836.8
"1064","C00725184",40
"1065","C00725267",84212
"1066","C00725465",306747
"1067","C00725853",801005.949999998
"1068","C00726018",665090.279999997
"1069","C00726042",356328.92
"1070","C00726075",6845
"1071","C00726372",19291.32
"1072","C00726422",6340.38
"1073","C00726513",153084.45
"1074","C00726539",8302.71
"1075","C00726687",565961.25
"1076","C00727164",400435.84
"1077","C00727529",754424.009999999
"1078","C00728238",1737983.22
"1079","C00728311",300
"1080","C00728832",1335458.8
"1081","C00728873",33094.86
"1082","C00729277",575145.45
"1083","C00729319",3005
"1084","C00729954",696767.34
"1085","C00730150",188179.5
"1086","C00730531",1116042.64
"1087","C00730812",28720.95
"1088","C00730820",63791.23
"1089","C00730895",518269.74
"1090","C00731166",4089.32
"1091","C00731307",500
"1092","C00731406",2065.29
"1093","C00731422",240181
"1094","C00731802",500
"1095","C00731885",4150
"1096","C00731950",4315
"1097","C00732651",30408
"1098","C00732826",412623.730000001
"1099","C00732925",1183876.48
"1100","C00732958",418571.729999999
"1101","C00733329",1181336.73
"1102","C00733485",147089.96
"1103","C00733840",3500
"1104","C00734426",1050
"1105","C00734491",553218.600000001
"1106","C00734731",734701.57
"1107","C00734871",1000
"1108","C00734913",10000
"1109","C00735688",1119654.17
"1110","C00735894",1e+05
"1111","C00735985",267285.21
"1112","C00736009",54
"1113","C00736223",20470
"1114","C00736264",71696.18
"1115","C00736348",41
"1116","C00736421",327.77
"1117","C00736637",200
"1118","C00736876",38762456.1499988
"1119","C00736942",1250
"1120","C00736975",2900
"1121","C00737270",1100
"1122","C00737767",671700.17
"1123","C00738302",21780
"1124","C00738872",604426.87
"1125","C00738997",9532.36
"1126","C00739250",2534
"1127","C00739581",29014.75
"1128","C00739979",4811.89
"1129","C00740068",5250
"1130","C00740100",256685
"1131","C00740217",1000
"1132","C00740225",8592.01
"1133","C00740357",730.83
"1134","C00740431",4500
"1135","C00740449",18985
"1136","C00741090",299800.47
"1137","C00741355",5000
"1138","C00741371",31.25
"1139","C00741736",6326
"1140","C00741769",125000
"1141","C00741900",112662.03
"1142","C00742007",1963616.64
"1143","C00742221",19300
"1144","C00742247",341398.31
"1145","C00742395",34628.31
"1146","C00742544",0.45
"1147","C00743203",7900
"1148","C00743609",40
"1149","C00743989",250
"1150","C00744425",540
"1151","C00744458",450
"1152","C00744532",2900
"1153","C00744698",15150
"1154","C00744888",3625
"1155","C00744987",250
"1156","C00745505",15345
"1157","C00745786",23
"1158","C00746099",56000
"1159","C00746529",500
"1160","C00746842",5250
"1161","C00746917",250
"1162","C00747097",1000
"1163","C00747998",250
"1164","C00748400",1010
"1165","C00748814",74115.74
"1166","C00749598",16350
"1167","C00750224",500
"1168","C00750307",166777.57
"1169","C00750521",-35
"1170","C00750877",29550
"1171","C00751099",100
"1172","C00751339",24483.5
"1173","C00751396",30
"1174","C00751826",207971
"1175","C00752469",35
"1176","C00752519",50000
"1177","C00752584",289151.5
"1178","C00752691",5000
"1179","C00753400",1500
"1180","C00754077",75
"1181","C00754796",1850
"1182","C00755173",11000
"1183","C00755405",2800
"1184","C00756916",3062.88
"1185","C00756940",101250
"1186","C00757419",115
"1187","C00757633",5300
"1188","C00758250",1322.14
"1189","C00758441",150
"1190","C00759332",465
"1191","C00759365",250
"1192","C00760124",-10
"1193","C00760397",5000
"1194","C00760629",5000
"1195","C00760686",50
"1196","C00760827",75
"1197","C00761593",7009
"1198","C00762088",300
"1199","C00762161",100
"1200","C00762344",49567
"1201","C00762559",7000
"1202","C00762567",44406.95
"1203","C00762807",1800
"1204","C00763045",1009796.33
"1205","C00763565",388105.87
"1206","C00763649",420846.04
"1207","C00763656",13398.4
"1208","C00763896",5917.07
"1209","C00763912",3025.22
"1210","C00763946",449.62
"1211","C00763995",200
"1212","C00764027",21386.85
"1213","C00764233",35
"1214","C00764266",5533.25
"1215","C00764373",8700
"1216","C00764381",728508.25
"1217","C00764423",576204.26
"1218","C00764449",4140.22
"1219","C00764589",12750
"1220","C00764662",34615.22
"1221","C00764860",50
"1222","C00764951",58012
"1223","C00765024",11200
"1224","C00765099",543362.12
"1225","C00765164",2595416.77
"1226","C00765180",47366.64
"1227","C00765412",20670.19
"1228","C00765446",1202.8
"1229","C00765461",386861.01
"1230","C00765545",100
"1231","C00765693",150
"1232","C00765719",1382433.41
"1233","C00765750",10144.05
"1234","C00765800",17580450.2899996
"1235","C00765891",594782.73
"1236","C00766105",250
"1237","C00766162",797341.58
"1238","C00766238",143369.91
"1239","C00766287",10900
"1240","C00766402",6930
"1241","C00766428",492195.8
"1242","C00766451",9297.22
"1243","C00766477",900
"1244","C00766493",159913.19
"1245","C00766519",77411
"1246","C00766634",310769.99
"1247","C00766691",44368.6900000001
"1248","C00766725",5530
"1249","C00766832",11322.3
"1250","C00766840",1560
"1251","C00766857",6200
"1252","C00767046",1261394.79
"1253","C00767137",4090.5
"1254","C00767178",210
"1255","C00767194",667901
"1256","C00767277",8869.66
"1257","C00767285",13300.51
"1258","C00767327",19885
"1259","C00767343",221473.68
"1260","C00767350",148859.96
"1261","C00767400",1219102.78
"1262","C00767657",266342.65
"1263","C00767756",12994.1
"1264","C00767798",171626.13
"1265","C00767947",875
"1266","C00768028",100
"1267","C00768101",2571243.99000001
"1268","C00768366",42962
"1269","C00768416",3439.66
"1270","C00768465",97770
"1271","C00768606",3750
"1272","C00768614",760
"1273","C00768655",7146
"1274","C00768671",100
"1275","C00768689",279965.2
"1276","C00768705",574256.29
"1277","C00768754",10303.45
"1278","C00768762",500
"1279","C00768820",14770.12
"1280","C00768838",65
"1281","C00768853",238575
"1282","C00768911",129550
"1283","C00768978",1425
"1284","C00768994",1966110.97000001
"1285","C00769000",300
"1286","C00769059",211144.18
"1287","C00769208",24379.33
"1288","C00769257",672.34
"1289","C00769364",4250
"1290","C00769414",761058.44
"1291","C00769430",355
"1292","C00769448",11400
"1293","C00769463",3050
"1294","C00769471",164475
"1295","C00769521",1000
"1296","C00769588",62393.18
"1297","C00769596",8180.94
"1298","C00769604",703174.76
"1299","C00769687",148583.79
"1300","C00769703",154327.8
"1301","C00769745",1043653
"1302","C00769778",31300
"1303","C00769786",26741
"1304","C00769794",877733.53
"1305","C00769828",50
"1306","C00769869",45200
"1307","C00769901",268730.92
"1308","C00769919",20951
"1309","C00769950",250
"1310","C00770008",322721.27
"1311","C00770057",582.82
"1312","C00770107",7221.32
"1313","C00770115",500
"1314","C00770131",98804
"1315","C00770149",5000
"1316","C00770172",700
"1317","C00770271",250
"1318","C00770347",596742.57
"1319","C00770438",1373288.67
"1320","C00770495",2e+05
"1321","C00770511",833.33
"1322","C00770578",34638.5
"1323","C00770628",11500
"1324","C00770636",556676.29
"1325","C00770818",386312
"1326","C00770966",29587.5
"1327","C00770974",284566.22
"1328","C00770982",250
"1329","C00771071",1000
"1330","C00771105",1000
"1331","C00771154",15395
"1332","C00771170",1300
"1333","C00771196",10000
"1334","C00771204",250
"1335","C00771238",5000
"1336","C00771246",30400
"1337","C00771261",6850
"1338","C00771279",2922.33
"1339","C00771303",10594
"1340","C00771311",200
"1341","C00771337",600
"1342","C00771360",549008.58
"1343","C00771378",3275
"1344","C00771394",913671.73
"1345","C00771436",18489.82
"1346","C00771493",39796
"1347","C00771527",3900
"1348","C00771634",185572.48
"1349","C00771709",23351.11
"1350","C00771758",23637.93
"1351","C00771824",29774.88
"1352","C00771949",481312.049999999
"1353","C00771972",1310214.93
"1354","C00772004",1460
"1355","C00772186",620
"1356","C00772202",28750
"1357","C00772277",500
"1358","C00772335",21100
"1359","C00772467",11250
"1360","C00772574",647.39
"1361","C00772632",625
"1362","C00772640",7666
"1363","C00772780",275
"1364","C00772798",8650
"1365","C00772830",650
"1366","C00772871",31047.24
"1367","C00772889",37614.97
"1368","C00772897",31764.97
"1369","C00772905",37916.55
"1370","C00772921",138265.86
"1371","C00772939",63467.73
"1372","C00772947",31752.47
"1373","C00772954",32752.47
"1374","C00772962",30814.97
"1375","C00772988",562.16
"1376","C00773101",26515
"1377","C00773184",54972.31
"1378","C00773200",3700
"1379","C00773283",75000
"1380","C00773341",1000
"1381","C00773390",210
"1382","C00773432",693
"1383","C00773531",3000
"1384","C00773549",3250
"1385","C00773564",3000
"1386","C00773697",3110
"1387","C00773747",2900
"1388","C00773820",1634860.46
"1389","C00773838",1550
"1390","C00773903",5000
"1391","C00774059",472115.02
"1392","C00774141",25275
"1393","C00774174",30759.76
"1394","C00774190",29063.08
"1395","C00774240",18410
"1396","C00774273",14127
"1397","C00774281",2158814.66
"1398","C00774455",7630
"1399","C00774570",3037133.36
"1400","C00774612",48261.25
"1401","C00774653",25
"1402","C00774695",20
"1403","C00774778",133977.76
"1404","C00774844",1700
"1405","C00774851",3210
"1406","C00774869",750
"1407","C00774877",955
"1408","C00774885",2000
"1409","C00774893",43210
"1410","C00774901",72966.5
"1411","C00774919",10885
"1412","C00774935",10000
"1413","C00774943",200247
"1414","C00774984",22216
"1415","C00775007",175113.12
"1416","C00775015",1826068.79
"1417","C00775023",12404.99
"1418","C00775049",247.42
"1419","C00775064",104684.78
"1420","C00775072",40188.46
"1421","C00775080",55304.19
"1422","C00775098",55304.19
"1423","C00775106",84304.78
"1424","C00775122",81404.78
"1425","C00775163",17975
"1426","C00775189",5046.05
"1427","C00775247",2394
"1428","C00775254",81404.78
"1429","C00775262",81404.78
"1430","C00775270",90104.78
"1431","C00775288",146408.97
"1432","C00775296",88904.76
"1433","C00775304",119578.01
"1434","C00775320",128008.95
"1435","C00775338",39938.47
"1436","C00775353",115008.95
"1437","C00775361",78504.75
"1438","C00775411",33040.88
"1439","C00775478",135339.89
"1440","C00775486",51576.91
"1441","C00775510",69271.49
"1442","C00775528",15857.7
"1443","C00775544",701156.85
"1444","C00775551",5740
"1445","C00775585",-851921
"1446","C00775643",78504.75
"1447","C00775650",97404.75
"1448","C00775668",19359.29
"1449","C00775684",87204.74
"1450","C00775692",81404.74
"1451","C00775700",15545
"1452","C00775726",30916
"1453","C00775734",28016
"1454","C00775759",84304.73
"1455","C00775767",87204.73
"1456","C00775858",110623.77
"1457","C00775866",87154.73
"1458","C00775890",95904.74
"1459","C00775908",81612.64
"1460","C00775916",109008.93
"1461","C00775940",137491.59
"1462","C00775965",13320
"1463","C00776039",1500
"1464","C00776062",250
"1465","C00776096",750
"1466","C00776104",5525
"1467","C00776120",1380484.32
"1468","C00776138",30
"1469","C00776203",1694
"1470","C00776211",5150
"1471","C00776245",212149.44
"1472","C00776252",21180.44
"1473","C00776286",17908
"1474","C00776328",1157153
"1475","C00776344",106
"1476","C00776393",513425.66
"1477","C00776401",31587.31
"1478","C00776476",167450.74
"1479","C00776484",179900.84
"1480","C00776500",29144
"1481","C00776567",13492
"1482","C00776617",4250
"1483","C00776641",35125
"1484","C00776658",144310.66
"1485","C00776666",20
"1486","C00776716",2065.77
"1487","C00776757",1562637.64
"1488","C00776765",8359697.66000002
"1489","C00776831",392188.8
"1490","C00776872",6195.36
"1491","C00776922",500
"1492","C00776930",143754.01
"1493","C00776948",9076
"1494","C00777037",52915
"1495","C00777078",340
"1496","C00777144",9002.1
"1497","C00777151",52015
"1498","C00777219",21600
"1499","C00777227",81878.47
"1500","C00777490",139160.45
"1501","C00777540",3000
"1502","C00777557",18600
"1503","C00777565",148256
"1504","C00777631",100
"1505","C00777722",10480
"1506","C00777748",11800
"1507","C00777771",22822719.43
"1508","C00777904",18180455.1600002
"1509","C00777920",119272.73
"1510","C00777946",1500
"1511","C00777995",333357.05
"1512","C00778126",20866.74
"1513","C00778142",781260
"1514","C00778159",2055065.97
"1515","C00778209",2690.9
"1516","C00778332",52377.76
"1517","C00778340",18460
"1518","C00778407",583007.11
"1519","C00778464",1712567.59
"1520","C00778522",6375
"1521","C00778589",27801.2
"1522","C00778654",500
"1523","C00778753",48981
"1524","C00778811",37668
"1525","C00778886",44945.58
"1526","C00778928",200
"1527","C00778936",38400
"1528","C00778993",20219
"1529","C00779058",220225.36
"1530","C00779090",395067.74
"1531","C00779108",355.25
"1532","C00779124",10350
"1533","C00779173",13830
"1534","C00779181",20109.62
"1535","C00779199",1075
"1536","C00779231",2500
"1537","C00779322",1400
"1538","C00779405",15409.32
"1539","C00779439",239577.1
"1540","C00779553",220255
"1541","C00779561",1516.4
"1542","C00779579",-34665
"1543","C00779603",296251.72
"1544","C00779611",500
"1545","C00779686",841879.86
"1546","C00779751",58885
"1547","C00779769",265755.41
"1548","C00779793",6240
"1549","C00779827",4000
"1550","C00779843",23049.43
"1551","C00779884",1364.85
"1552","C00779918",55814.74
"1553","C00779967",96555.05
"1554","C00779991",9900
"1555","C00780023",224265.76
"1556","C00780049",540800.45
"1557","C00780056",84767.23
"1558","C00780130",325
"1559","C00780155",390793.44
"1560","C00780171",142.3
"1561","C00780205",32605
"1562","C00780213",71327.32
"1563","C00780254",7250
"1564","C00780338",1500
"1565","C00780346",250
"1566","C00780429",17063.22
"1567","C00780445",25
"1568","C00780452",300
"1569","C00780544",98219.91
"1570","C00780585",7519.67
"1571","C00780601",38741.82
"1572","C00780619",900547.609999999
"1573","C00780650",39227.85
"1574","C00780668",925
"1575","C00780700",8600
"1576","C00780726",35250
"1577","C00780759",4758.19
"1578","C00780775",9550
"1579","C00780791",934369.64
"1580","C00780825",2787.75
"1581","C00780882",111159.88
"1582","C00780916",2000
"1583","C00780965",2674
"1584","C00781021",375169.5
"1585","C00781062",4750
"1586","C00781112",1165195.11
"1587","C00781153",164564
"1588","C00781187",57375
"1589","C00781203",800
"1590","C00781211",48070.82
"1591","C00781252",111137.04
"1592","C00781328",436074.58
"1593","C00781336",910501.74
"1594","C00781369",1480
"1595","C00781377",6470
"1596","C00781427",278099.39
"1597","C00781443",8853625.11
"1598","C00781450",14410
"1599","C00781468",12450
"1600","C00781484",102081.2
"1601","C00781492",724211.14
"1602","C00781567",106893.37
"1603","C00781575",32300
"1604","C00781658",490.31
"1605","C00781666",164828.2
"1606","C00781716",176933.33
"1607","C00781799",1510
"1608","C00781807",5360
"1609","C00781898",985607.73
"1610","C00781922",208894
"1611","C00781930",8440
"1612","C00781948",31433.28
"1613","C00781963",1360
"1614","C00781997",250
"1615","C00782128",236541.38
"1616","C00782136",158640.52
"1617","C00782177",18949.58
"1618","C00782219",28868.4
"1619","C00782300",300
"1620","C00782391",73171.97
"1621","C00782508",100
"1622","C00782540",13450
"1623","C00782565",5050
"1624","C00782581",206342.06
"1625","C00782649",13803.82
"1626","C00782706",8916
"1627","C00782714",50430
"1628","C00782755",160350.48
"1629","C00782789",60900
"1630","C00782797",1083139.95
"1631","C00782854",325382
"1632","C00782961",12649
"1633","C00783027",13273.99
"1634","C00783068",100707.54
"1635","C00783092",14271.35
"1636","C00783134",12000
"1637","C00783142",7521930.86000012
"1638","C00783159",44850
"1639","C00783209",12195.22
"1640","C00783233",4405
"1641","C00783241",32136
"1642","C00783258",975
"1643","C00783266",40075.04
"1644","C00783274",1736092.36
"1645","C00783308",1550
"1646","C00783324",48058.43
"1647","C00783340",141815.07
"1648","C00783365",5788
"1649","C00783373",75824
"1650","C00783381",115162
"1651","C00783449",2450
"1652","C00783456",3889.9
"1653","C00783464",164522.959999999
"1654","C00783480",16160
"1655","C00783498",157368.82
"1656","C00783530",132734
"1657","C00783589",17050
"1658","C00783639",11100
"1659","C00783654",5000
"1660","C00783688",99789.87
"1661","C00783696",1380520.52
"1662","C00783704",34019.38
"1663","C00783712",404107.05
"1664","C00783720",197095.49
"1665","C00783753",50
"1666","C00783845",8400
"1667","C00783886",6600
"1668","C00783910",760
"1669","C00783928",16325
"1670","C00783936",1160605.53
"1671","C00784017",2533.84
"1672","C00784041",53080.2
"1673","C00784066",650
"1674","C00784074",240935.68
"1675","C00784082",122820.54
"1676","C00784090",4500
"1677","C00784132",575.93
"1678","C00784165",7851060.7
"1679","C00784249",19344.34
"1680","C00784264",700
"1681","C00784272",765032.56
"1682","C00784280",19925.68
"1683","C00784298",-6498
"1684","C00784306",505169.9
"1685","C00784314",16290
"1686","C00784330",580
"1687","C00784355",71061
"1688","C00784371",1496422.96
"1689","C00784389",1230122.41
"1690","C00784421",2152.26
"1691","C00784454",1770
"1692","C00784470",890
"1693","C00784520",743219.81
"1694","C00784553",12250
"1695","C00784587",424810.92
"1696","C00784629",287746.04
"1697","C00784637",250
"1698","C00784645",65295.22
"1699","C00784694",5000
"1700","C00784751",8400
"1701","C00784769",684.25
"1702","C00784777",9995
"1703","C00784785",325984.63
"1704","C00784835",7125
"1705","C00784843",652890.29
"1706","C00784884",1168058.65
"1707","C00784892",2172.56
"1708","C00784900",15680.08
"1709","C00784926",576529.22
"1710","C00784934",1976302.49000002
"1711","C00784959",18189114.1
"1712","C00784975",-18898.35
"1713","C00784983",26753
"1714","C00784991",5565.8
"1715","C00785014",50
"1716","C00785097",8202.5
"1717","C00785113",15960.55
"1718","C00785196",84298.57
"1719","C00785238",1000
"1720","C00785246",9600
"1721","C00785253",2600
"1722","C00785261",37464
"1723","C00785279",1014574.97
"1724","C00785287",221603
"1725","C00785295",-38300
"1726","C00785303",4225
"1727","C00785360",29788
"1728","C00785493",10695
"1729","C00785543",14600
"1730","C00785550",16600
"1731","C00785584",250
"1732","C00785634",500
"1733","C00785675",1887168.89
"1734","C00785683",11930.4
"1735","C00785733",404584.41
"1736","C00785824",4300
"1737","C00785832",9800
"1738","C00785865",22671.79
"1739","C00785899",5000
"1740","C00785923",335422.46
"1741","C00785931",8685
"1742","C00785949",15430
"1743","C00785956",116615
"1744","C00785980",14984
"1745","C00786004",12749.8
"1746","C00786038",177685
"1747","C00786053",9525
"1748","C00786087",1528044.11
"1749","C00786129",17233.83
"1750","C00786178",250
"1751","C00786194",2193325.48999998
"1752","C00786210",138218
"1753","C00786228",500
"1754","C00786277",800
"1755","C00786293",15
"1756","C00786319",4790
"1757","C00786327",50100
"1758","C00786335",1982
"1759","C00786343",54103
"1760","C00786350",1250
"1761","C00786368",5000
"1762","C00786384",15407.58
"1763","C00786467",1250
"1764","C00786475",29829
"1765","C00786491",33043.75
"1766","C00786541",61150
"1767","C00786558",4550
"1768","C00786574",40659.84
"1769","C00786632",103771.18
"1770","C00786657",535384.41
"1771","C00786665",1700
"1772","C00786715",889795.78
"1773","C00786723",34397.13
"1774","C00786731",34600.75
"1775","C00786798",28250
"1776","C00786806",62609
"1777","C00786822",814542.29
"1778","C00786855",16900
"1779","C00786889",63810
"1780","C00786905",356500
"1781","C00786921",238.28
"1782","C00786954",289051.65
"1783","C00786996",82341
"1784","C00787069",4630
"1785","C00787101",205731.77
"1786","C00787135",8651814.74000001
"1787","C00787234",28535.65
"1788","C00787259",1200
"1789","C00787267",81805
"1790","C00787341",283270.99
"1791","C00787390",82940.31
"1792","C00787473",3000
"1793","C00787507",2500
"1794","C00787549",4880
"1795","C00787556",22726.25
"1796","C00787598",118555.22
"1797","C00787648",1399047.18
"1798","C00787655",6400
"1799","C00787689",2460
"1800","C00787754",250
"1801","C00787788",1680017.6
"1802","C00787812",1702447.14
"1803","C00787820",1631170.11
"1804","C00787853",16511032.45
"1805","C00787978",50000
"1806","C00787994",55540
"1807","C00788000",15590
"1808","C00788083",53129.25
"1809","C00788166",5000
"1810","C00788182",8950
"1811","C00788265",2998
"1812","C00788273",40430
"1813","C00788299",45910.65
"1814","C00788356",80210.33
"1815","C00788398",31260
"1816","C00788414",415996.87
"1817","C00788463",152228
"1818","C00788489",300
"1819","C00788497",129146.27
"1820","C00788505",4700
"1821","C00788513",25
"1822","C00788539",14420
"1823","C00788547",9805
"1824","C00788562",4577.5
"1825","C00788588",119684
"1826","C00788687",7296.49
"1827","C00788695",24925.84
"1828","C00788737",500
"1829","C00788752",20460
"1830","C00788794",116700
"1831","C00788802",18501
"1832","C00788810",360518.54
"1833","C00788851",222500
"1834","C00788869",1138152.52
"1835","C00788943",2568037.74
"1836","C00788968",821977.250000001
"1837","C00789008",627308.869999999
"1838","C00789073",9900
"1839","C00789123",7924.62
"1840","C00789222",7950
"1841","C00789230",245214.98
"1842","C00789263",40800
"1843","C00789271",250
"1844","C00789289",1550
"1845","C00789305",11215.37
"1846","C00789347",19560
"1847","C00789388",2250
"1848","C00789396",29807
"1849","C00789404",1702071.67
"1850","C00789420",59976.44
"1851","C00789461",24.01
"1852","C00789586",1040429.22
"1853","C00789628",41735
"1854","C00789644",101629.94
"1855","C00789669",1126.43
"1856","C00789685",4186.99
"1857","C00789693",130189.02
"1858","C00789776",6910
"1859","C00789792",69650
"1860","C00789842",103754.41
"1861","C00789875",8222
"1862","C00789941",525
"1863","C00789958",5900
"1864","C00790030",86295.64
"1865","C00790055",7950
"1866","C00790063",184206.59
"1867","C00790071",550000
"1868","C00790097",5308.71
"1869","C00790238",3133
"1870","C00790261",29230.05
"1871","C00790279",-63710.58
"1872","C00790287",128860
"1873","C00790329",157232.22
"1874","C00790352",16551.17
"1875","C00790378",467188
"1876","C00790386",345019.55
"1877","C00790394",27180
"1878","C00790402",73930.76
"1879","C00790410",15431
"1880","C00790428",1225.44
"1881","C00790436",15051.66
"1882","C00790444",215527.71
"1883","C00790469",453651.26
"1884","C00790485",136237.26
"1885","C00790519",19625
"1886","C00790543",650250.01
"1887","C00790550",198125.12
"1888","C00790568",63517.48
"1889","C00790576",51350
"1890","C00790600",550
"1891","C00790634",248127.33
"1892","C00790642",43278.65
"1893","C00790683",51845.22
"1894","C00790733",3576183.50000019
"1895","C00790758",772121.839999999
"1896","C00790766",1950
"1897","C00790774",48455
"1898","C00790816",257903.66
"1899","C00790824",112100
"1900","C00790865",157765.32
"1901","C00790964",1665
"1902","C00790972",138147.63
"1903","C00790998",22634.05
"1904","C00791012",3400
"1905","C00791020",1600
"1906","C00791038",21099.21
"1907","C00791046",79367.22
"1908","C00791129",48.03
"1909","C00791178",21042
"1910","C00791186",3318454.23
"1911","C00791194",500
"1912","C00791202",9e+06
"1913","C00791236",58606.97
"1914","C00791277",1500
"1915","C00791293",229392.12
"1916","C00791319",5250
"1917","C00791327",650
"1918","C00791335",501507.37
"1919","C00791343",186303.4
"1920","C00791384",9800
"1921","C00791392",1416698.61
"1922","C00791442",350
"1923","C00791459",207957.19
"1924","C00791467",128986.22
"1925","C00791475",185584.75
"1926","C00791491",400109
"1927","C00791509",196917.44
"1928","C00791517",12340
"1929","C00791525",3438250.42
"1930","C00791533",87540
"1931","C00791541",47566.66
"1932","C00791558",31280
"1933","C00791574",316306.85
"1934","C00791582",136327.41
"1935","C00791699",75767
"1936","C00791715",48642.42
"1937","C00791749",1000
"1938","C00791756",1481405.64
"1939","C00791764",2900
"1940","C00791780",538386.27
"1941","C00791806",2000
"1942","C00791814",32740
"1943","C00791871",306057.5
"1944","C00791897",583850.53
"1945","C00791913",804769
"1946","C00791962",578059.76
"1947","C00791988",100
"1948","C00792002",237762
"1949","C00792051",51723.27
"1950","C00792077",66310
"1951","C00792085",764699.91
"1952","C00792101",27214.77
"1953","C00792143",24545.22
"1954","C00792150",250
"1955","C00792168",963206.34
"1956","C00792184",119040.12
"1957","C00792267",192605.92
"1958","C00792275",2900
"1959","C00792283",739016
"1960","C00792341",1288795.32
"1961","C00792382",32800
"1962","C00792390",11069.77
"1963","C00792408",6000
"1964","C00792416",12193.31
"1965","C00792424",4144.88
"1966","C00792440",358
"1967","C00792465",1822381.67
"1968","C00792473",196656
"1969","C00792481",64468.13
"1970","C00792499",14309
"1971","C00792507",2253724.39
"1972","C00792515",75530
"1973","C00792556",3700
"1974","C00792598",401648.71
"1975","C00792614",74651.3
"1976","C00792630",9900
"1977","C00792689",132930
"1978","C00792754",6550
"1979","C00792762",146760.06
"1980","C00792812",33952.52
"1981","C00792846",6750
"1982","C00792861",49700
"1983","C00792903",1000
"1984","C00792911",7250
"1985","C00792960",550
"1986","C00793026",5500
"1987","C00793109",319456.48
"1988","C00793117",87112.25
"1989","C00793166",726398.83
"1990","C00793182",42145
"1991","C00793190",185400
"1992","C00793273",207616
"1993","C00793281",1044574.1
"1994","C00793307",24303.75
"1995","C00793364",4699.8
"1996","C00793448",3000
"1997","C00793505",29000
"1998","C00793513",100
"1999","C00793562",15622
"2000","C00793612",129339
"2001","C00793620",15450
"2002","C00793638",1051004.91
"2003","C00793646",862862.14
"2004","C00793695",2e+05
"2005","C00793703",1746834.72
"2006","C00793711",245.34
"2007","C00793752",69248.59
"2008","C00793760",2232486.76
"2009","C00793778",147585.72
"2010","C00793786",334885.34
"2011","C00793828",39950
"2012","C00793851",3800
"2013","C00793877",68825.4
"2014","C00793919",6130
"2015","C00793935",1373874.55
"2016","C00793943",278510.89
"2017","C00793950",43336
"2018","C00793976",822867.960000003
"2019","C00794016",5000
"2020","C00794032",2500
"2021","C00794040",642295
"2022","C00794065",876429.45
"2023","C00794081",1200
"2024","C00794131",19000
"2025","C00794156",9750
"2026","C00794164",32950
"2027","C00794222",5000
"2028","C00794263",39496.62
"2029","C00794271",1000
"2030","C00794297",8250
"2031","C00794305",8965
"2032","C00794339",188309.55
"2033","C00794354",54655.23
"2034","C00794370",138365.99
"2035","C00794388",109575
"2036","C00794412",3000
"2037","C00794438",82996.71
"2038","C00794453",17497
"2039","C00794479",660412.48
"2040","C00794487",15181.22
"2041","C00794495",383329.96
"2042","C00794537",82720.61
"2043","C00794560",13330.48
"2044","C00794602",563848.61
"2045","C00794610",104331.17
"2046","C00794677",4707.25
"2047","C00794693",8010
"2048","C00794727",685902.61
"2049","C00794735",12250
"2050","C00794792",15444.49
"2051","C00794800",36180.85
"2052","C00794834",350
"2053","C00794859",250
"2054","C00794867",8660
"2055","C00794875",9985
"2056","C00794909",12600
"2057","C00794917",4500
"2058","C00794982",392486
"2059","C00795005",726929.74
"2060","C00795047",500
"2061","C00795054",67984.5
"2062","C00795088",68166.31
"2063","C00795096",1400
"2064","C00795104",293833.17
"2065","C00795112",10945
"2066","C00795211",886652.94
"2067","C00795237",805
"2068","C00795245",22401.05
"2069","C00795252",1468397.37
"2070","C00795278",450
"2071","C00795310",1000
"2072","C00795351",27550
"2073","C00795401",216216.36
"2074","C00795450",438349.38
"2075","C00795492",1250
"2076","C00795500",2944.09
"2077","C00795518",6243.23
"2078","C00795526",62919.84
"2079","C00795542",495082.08
"2080","C00795559",205752.82
"2081","C00795575",10499
"2082","C00795583",599.82
"2083","C00795617",48745
"2084","C00795658",158123.17
"2085","C00795682",27507.88
"2086","C00795724",59758
"2087","C00795740",29002.72
"2088","C00795757",369526.64
"2089","C00795765",134980
"2090","C00795773",84000
"2091","C00795799",165885.79
"2092","C00795823",566091.5
"2093","C00795880",7159.3
"2094","C00795906",115172.85
"2095","C00795914",14200
"2096","C00795930",11540899.8699999
"2097","C00796037",129722.1
"2098","C00796045",1e+06
"2099","C00796060",250
"2100","C00796086",448111
"2101","C00796110",20150
"2102","C00796144",1029435.6
"2103","C00796151",33949.48
"2104","C00796169",15515
"2105","C00796193",55310
"2106","C00796235",103909.48
"2107","C00796284",90226
"2108","C00796292",3000
"2109","C00796342",17450
"2110","C00796383",31202.06
"2111","C00796391",500
"2112","C00796425",110931.26
"2113","C00796433",866410.51
"2114","C00796441",17800
"2115","C00796458",3285
"2116","C00796482",500
"2117","C00796508",3120.82
"2118","C00796516",773655.79
"2119","C00796524",470152.46
"2120","C00796540",2450427.34
"2121","C00796573",98236
"2122","C00796581",15500
"2123","C00796607",165173.4
"2124","C00796672",392938.19
"2125","C00796680",291851.72
"2126","C00796698",34680.54
"2127","C00796714",22751
"2128","C00796763",11050
"2129","C00796789",19350
"2130","C00796797",83245
"2131","C00796805",4000
"2132","C00796847",1000
"2133","C00796854",46267.6
"2134","C00796912",800
"2135","C00796920",188797
"2136","C00796987",1007.6
"2137","C00796995",50
"2138","C00797068",12000
"2139","C00797092",42700
"2140","C00797142",28318.36
"2141","C00797167",1000
"2142","C00797175",1093680.11
"2143","C00797183",26350
"2144","C00797191",5759
"2145","C00797217",846397.46
"2146","C00797225",39499.01
"2147","C00797233",57661
"2148","C00797241",1247662.03
"2149","C00797258",34512.86
"2150","C00797282",766853.2
"2151","C00797290",27832.72
"2152","C00797381",28407
"2153","C00797423",10808.8
"2154","C00797464",54603.2
"2155","C00797506",44782.4
"2156","C00797522",88560.21
"2157","C00797548",3500
"2158","C00797555",6325
"2159","C00797563",265301
"2160","C00797597",69800
"2161","C00797605",4310
"2162","C00797613",55526.26
"2163","C00797639",280373.34
"2164","C00797647",15102
"2165","C00797704",13225
"2166","C00797738",13858.47
"2167","C00797746",11500
"2168","C00797753",9350
"2169","C00797761",3650
"2170","C00797795",885851.49
"2171","C00797852",299.7
"2172","C00797878",13110.54
"2173","C00797910",2250
"2174","C00797928",226376.83
"2175","C00797944",500
"2176","C00798066",192924.68
"2177","C00798124",84304.78
"2178","C00798132",2650
"2179","C00798157",626556.39
"2180","C00798207",4019
"2181","C00798215",33530
"2182","C00798223",8920.5
"2183","C00798231",84304.78
"2184","C00798264",78504.73
"2185","C00798272",84304.78
"2186","C00798280",75604.78
"2187","C00798298",81404.78
"2188","C00798306",94390.44
"2189","C00798314",27450
"2190","C00798322",1644308.6
"2191","C00798330",226932.52
"2192","C00798397",6
"2193","C00798447",26559.13
"2194","C00798454",90661.9
"2195","C00798462",75604.75
"2196","C00798488",87204.78
"2197","C00798553",10250
"2198","C00798561",124454
"2199","C00798587",26202.32
"2200","C00798595",7257
"2201","C00798611",60280.1
"2202","C00798637",106476.6
"2203","C00798645",197013.12
"2204","C00798652",115921.44
"2205","C00798660",157664.76
"2206","C00798678",87204.78
"2207","C00798686",147838.14
"2208","C00798694",156213.13
"2209","C00798702",77996
"2210","C00798751",14670
"2211","C00798769",7500
"2212","C00798777",5479.7
"2213","C00798801",1000
"2214","C00798819",1810
"2215","C00798827",9354.04
"2216","C00798850",327993
"2217","C00798868",3950
"2218","C00798876",86636.79
"2219","C00798884",3507.45
"2220","C00798892",64167.81
"2221","C00798900",74857
"2222","C00798942",18820.04
"2223","C00798967",2000
"2224","C00798975",56160
"2225","C00798983",165570
"2226","C00798991",4000
"2227","C00799007",500
"2228","C00799056",432
"2229","C00799064",5000
"2230","C00799080",84192.84
"2231","C00799098",77599
"2232","C00799130",282373.75
"2233","C00799171",140192.11
"2234","C00799189",85425.44
"2235","C00799205",238779.68
"2236","C00799221",404512.52
"2237","C00799239",131969
"2238","C00799247",357679
"2239","C00799254",1000
"2240","C00799270",712115.21
"2241","C00799304",76679.81
"2242","C00799312",488529
"2243","C00799320",1896.25
"2244","C00799338",268110
"2245","C00799346",24875.42
"2246","C00799353",91580
"2247","C00799379",528968
"2248","C00799387",11065
"2249","C00799429",127239
"2250","C00799437",5442.14
"2251","C00799445",30510
"2252","C00799478",193819.74
"2253","C00799486",31900
"2254","C00799536",32628.16
"2255","C00799544",406171.84
"2256","C00799551",9301
"2257","C00799577",39790
"2258","C00799585",39505
"2259","C00799593",48855
"2260","C00799601",15500
"2261","C00799627",11360
"2262","C00799650",528743.16
"2263","C00799668",11300
"2264","C00799684",1609935.94
"2265","C00799692",31528.4
"2266","C00799700",369232.22
"2267","C00799742",1500
"2268","C00799767",1179513.34
"2269","C00799775",29120
"2270","C00799791",26397.5
"2271","C00799858",29298.02
"2272","C00799882",13250
"2273","C00799890",41572
"2274","C00799908",4250
"2275","C00799932",1000
"2276","C00799999",43143.66
"2277","C00800003",383474.74
"2278","C00800029",59752.84
"2279","C00800045",101660
"2280","C00800052",32651.4
"2281","C00800102",87650
"2282","C00800128",3500
"2283","C00800144",166545
"2284","C00800268",218544.76
"2285","C00800276",1378612.67
"2286","C00800300",10000
"2287","C00800326",782589.73
"2288","C00800342",21200
"2289","C00800391",24639.9
"2290","C00800409",556304.08
"2291","C00800425",297840
"2292","C00800458",80631
"2293","C00800466",10209.78
"2294","C00800482",35665
"2295","C00800516",32003
"2296","C00800532",341192.95
"2297","C00800557",190879.44
"2298","C00800565",7510
"2299","C00800573",13608
"2300","C00800581",12070
"2301","C00800599",851112.42
"2302","C00800607",160485
"2303","C00800615",46895.71
"2304","C00800623",6284760.24
"2305","C00800649",914496.8
"2306","C00800664",350.76
"2307","C00800672",12436
"2308","C00800680",1000
"2309","C00800706",1800
"2310","C00800714",11700
"2311","C00800730",434797.6
"2312","C00800755",261257.59
"2313","C00800797",14019.25
"2314","C00800813",223212
"2315","C00800847",1316018.84
"2316","C00800854",18754
"2317","C00800862",50550
"2318","C00800888",244446.51
"2319","C00800912",82644.01
"2320","C00800920",8325
"2321","C00800938",7900
"2322","C00800946",18108
"2323","C00800961",27725
"2324","C00800979",253543.62
"2325","C00800987",7150
"2326","C00801050",134760.57
"2327","C00801076",183955
"2328","C00801084",88035
"2329","C00801118",16185
"2330","C00801142",3235
"2331","C00801175",5355
"2332","C00801183",9800
"2333","C00801191",105835
"2334","C00801209",37300
"2335","C00801225",750
"2336","C00801241",1482240.98
"2337","C00801266",18414.51
"2338","C00801274",1042502.44
"2339","C00801290",668614.99
"2340","C00801316",3150
"2341","C00801324",1855476.53
"2342","C00801332",3200
"2343","C00801365",600
"2344","C00801373",46350
"2345","C00801415",161490
"2346","C00801423",20015
"2347","C00801431",1252940.94
"2348","C00801456",3500
"2349","C00801498",2135
"2350","C00801530",1214707.3
"2351","C00801563",289280
"2352","C00801589",106650
"2353","C00801605",54425
"2354","C00801613",45375
"2355","C00801647",13050
"2356","C00801654",4418.48
"2357","C00801662",351312
"2358","C00801670",429883.53
"2359","C00801688",2838539.93
"2360","C00801746",67965
"2361","C00801753",182630.53
"2362","C00801761",978089.1
"2363","C00801779",70300
"2364","C00801811",1650
"2365","C00801860",11600
"2366","C00801886",15851
"2367","C00801902",19367
"2368","C00801910",10563.9
"2369","C00801977",5459.4
"2370","C00801985",1922961.44
"2371","C00802025",35625
"2372","C00802058",1077986.81
"2373","C00802074",48800
"2374","C00802173",47550
"2375","C00802181",26795
"2376","C00802199",499327.77
"2377","C00802215",26000
"2378","C00802223",21950
"2379","C00802231",56160
"2380","C00802249",4620.28
"2381","C00802264",278777.56
"2382","C00802280",24155.37
"2383","C00802298",501649.3
"2384","C00802322",467508
"2385","C00802355",626373.88
"2386","C00802363",14100
"2387","C00802389",22467.09
"2388","C00802405",12655
"2389","C00802421",300
"2390","C00802447",15260
"2391","C00802454",2450
"2392","C00802462",32750
"2393","C00802488",1388144.75
"2394","C00802496",545044
"2395","C00802504",2426021.42
"2396","C00802512",80715
"2397","C00802538",50510
"2398","C00802553",168028
"2399","C00802561",184408
"2400","C00802587",89104.25
"2401","C00802603",445411
"2402","C00802629",210990
"2403","C00802637",145675
"2404","C00802645",3280.26
"2405","C00802678",9191.6
"2406","C00802710",155928.68
"2407","C00802728",40325
"2408","C00802744",19600.71
"2409","C00802751",82905
"2410","C00802777",300
"2411","C00802827",15064
"2412","C00802884",14366
"2413","C00802918",43850
"2414","C00802926",2010.13
"2415","C00802934",222673.44
"2416","C00802959",33405
"2417","C00802975",7050
"2418","C00803023",6020
"2419","C00803049",344060
"2420","C00803056",2000
"2421","C00803098",80388
"2422","C00803171",43571.97
"2423","C00803189",310800.19
"2424","C00803205",68500
"2425","C00803254",195569.7
"2426","C00803262",10148
"2427","C00803270",16250
"2428","C00803288",1250
"2429","C00803296",7200
"2430","C00803320",4110
"2431","C00803353",41300
"2432","C00803403",106027.2
"2433","C00803429",33400
"2434","C00803452",1625
"2435","C00803460",11403.66
"2436","C00803486",10389.7
"2437","C00803502",4205233.20000003
"2438","C00803510",112370
"2439","C00803536",6800
"2440","C00803551",1050
"2441","C00803569",203467.33
"2442","C00803577",208
"2443","C00803601",16308
"2444","C00803643",32050
"2445","C00803668",192891.21
"2446","C00803726",1140664.54
"2447","C00803759",25
"2448","C00803767",236630
"2449","C00803775",61200
"2450","C00803783",1950
"2451","C00803791",9000
"2452","C00803809",2500
"2453","C00803858",44365.56
"2454","C00803866",17072
"2455","C00803874",1000
"2456","C00803924",93370
"2457","C00803965",128350
"2458","C00803973",1760
"2459","C00804021",9070
"2460","C00804039",177
"2461","C00804062",30655
"2462","C00804104",3500000
"2463","C00804120",772444.95
"2464","C00804138",468690.02
"2465","C00804161",968650
"2466","C00804237",25120.08
"2467","C00804252",49500
"2468","C00804278",35250
"2469","C00804286",476302.62
"2470","C00804302",342614.06
"2471","C00804328",73948
"2472","C00804336",4250
"2473","C00804344",97783
"2474","C00804377",957896.17
"2475","C00804393",43297.22
"2476","C00804401",42022
"2477","C00804450",133300
"2478","C00804500",29495
"2479","C00804534",255304
"2480","C00804567",36000
"2481","C00804583",10800
"2482","C00804682",1773.27
"2483","C00804708",1367738.33
"2484","C00804724",5000
"2485","C00804740",94357.17
"2486","C00804765",205471
"2487","C00804773",5000
"2488","C00804781",122446.79
"2489","C00804799",189500
"2490","C00804807",862458
"2491","C00804831",22105
"2492","C00804849",97300
"2493","C00804914",721259.07
"2494","C00804930",50
"2495","C00804948",10150
"2496","C00804963",56400
"2497","C00804971",1540
"2498","C00805002",1217644.58
"2499","C00805028",14400
"2500","C00805036",8352.46
"2501","C00805051",48766.83
"2502","C00805085",32147.76
"2503","C00805150",1000
"2504","C00805168",116437.28
"2505","C00805176",200
"2506","C00805184",3800
"2507","C00805226",5298.75
"2508","C00805234",1981.68
"2509","C00805275",1793565
"2510","C00805317",33246
"2511","C00805325",29300
"2512","C00805333",6500
"2513","C00805341",3500
"2514","C00805374",30650
"2515","C00805382",18320
"2516","C00805408",37750
"2517","C00805416",429.3
"2518","C00805424",396065.85
"2519","C00805432",83740.07
"2520","C00805457",750
"2521","C00805465",2500
"2522","C00805473",5935
"2523","C00805481",73375
"2524","C00805515",70420
"2525","C00805523",96200
"2526","C00805549",333430.18
"2527","C00805564",22014.57
"2528","C00805580",233974.24
"2529","C00805598",16571.52
"2530","C00805606",7150
"2531","C00805622",5126.84
"2532","C00805655",6922
"2533","C00805689",4957.99
"2534","C00805713",8325.1
"2535","C00805762",32472
"2536","C00805770",5000
"2537","C00805820",50350
"2538","C00805838",169007.5
"2539","C00805853",275
"2540","C00805960",39933
"2541","C00805978",3000
"2542","C00805994",291891
"2543","C00806018",602945.37
"2544","C00806059",3371.62
"2545","C00806091",14900
"2546","C00806109",166669
"2547","C00806125",321443
"2548","C00806133",191454
"2549","C00806174",1686055.19
"2550","C00806190",3400
"2551","C00806216",750
"2552","C00806232",6650
"2553","C00806257",28160
"2554","C00806273",20472
"2555","C00806281",500
"2556","C00806299",1500
"2557","C00806307",413484.85
"2558","C00806323",24612.79
"2559","C00806356",32422.57
"2560","C00806372",382068.19
"2561","C00806398",562532.79
"2562","C00806430",13375
"2563","C00806455",684051.25
"2564","C00806463",833083
"2565","C00806489",62920
"2566","C00806497",5250
"2567","C00806505",3344.96
"2568","C00806521",30500
"2569","C00806547",1056703.82
"2570","C00806638",164533
"2571","C00806646",27701.01
"2572","C00806661",500
"2573","C00806711",5000
"2574","C00806737",184489.63
"2575","C00806752",1859.6
"2576","C00806786",1775
"2577","C00806794",1050
"2578","C00806810",1750
"2579","C00806844",41148.27
"2580","C00806851",8925
"2581","C00806877",10000
"2582","C00806901",70595
"2583","C00806919",5500
"2584","C00806935",985901.78
"2585","C00806976",61000
"2586","C00807024",39800
"2587","C00807032",9350
"2588","C00807040",3000
"2589","C00807099",188731
"2590","C00807107",62915.21
"2591","C00807149",2469.95
"2592","C00807172",500
"2593","C00807180",206661
"2594","C00807222",427675.27
"2595","C00807289",7835
"2596","C00807321",50000
"2597","C00807347",31400
"2598","C00807362",4900
"2599","C00807404",366772
"2600","C00807479",49957
"2601","C00807503",73907.87
"2602","C00807578",63290.61
"2603","C00807586",249302
"2604","C00807610",358595.44
"2605","C00807628",1062849.05
"2606","C00807636",800
"2607","C00807651",219770
"2608","C00807669",699.82
"2609","C00807677",192510
"2610","C00807693",14455
"2611","C00807701",4075
"2612","C00807727",534218.35
"2613","C00807735",2400
"2614","C00807743",672554.85
"2615","C00807750",2800
"2616","C00807768",4100
"2617","C00807792",750
"2618","C00807818",8524.27
"2619","C00807834",34272
"2620","C00807917",26250
"2621","C00807933",209013.91
"2622","C00807941",65886
"2623","C00807958",90000
"2624","C00807966",2000
"2625","C00807974",1250510
"2626","C00807982",581642.44
"2627","C00808006",15195.22
"2628","C00808022",47204.56
"2629","C00808030",970
"2630","C00808063",47060
"2631","C00808089",21100
"2632","C00808105",17816.88
"2633","C00808113",34750
"2634","C00808154",3151
"2635","C00808162",31871.67
"2636","C00808279",1438195.85
"2637","C00808287",7350
"2638","C00808295",10191
"2639","C00808311",17
"2640","C00808329",643370
"2641","C00808337",151197.33
"2642","C00808352",7700
"2643","C00808360",1247040.26
"2644","C00808410",1014.78
"2645","C00808428",500
"2646","C00808485",7701
"2647","C00808493",20800
"2648","C00808519",80005
"2649","C00808527",8200
"2650","C00808535",13557.08
"2651","C00808550",11811.55
"2652","C00808568",209597
"2653","C00808576",60820
"2654","C00808634",11101
"2655","C00808659",2250
"2656","C00808667",8733.1
"2657","C00808675",1500
"2658","C00808758",52823.44
"2659","C00808766",26650.26
"2660","C00808774",39486
"2661","C00808840",32650
"2662","C00808923",30323.88
"2663","C00808949",174806.87
"2664","C00809038",3400
"2665","C00809046",1200
"2666","C00809053",3700
"2667","C00809111",6205
"2668","C00809145",225079.78
"2669","C00809178",669128
"2670","C00809186",140902.46
"2671","C00809194",4335
"2672","C00809228",28051
"2673","C00809244",7300
"2674","C00809301",3600
"2675","C00809343",85320
"2676","C00809350",4500
"2677","C00809376",15432.98
"2678","C00809384",7699.32
"2679","C00809400",209134
"2680","C00809426",706472.1
"2681","C00809442",70920
"2682","C00809475",70
"2683","C00809491",311319.02
"2684","C00809533",56421.22
"2685","C00809608",128926
"2686","C00809624",5600
"2687","C00809673",31136
"2688","C00809699",187170
"2689","C00809731",4400
"2690","C00809863",10000
"2691","C00809939",11490
"2692","C00809954",18771.51
"2693","C00809996",6700
"2694","C00810036",21600
"2695","C00810044",4000
"2696","C00810069",8501
"2697","C00810093",6010
"2698","C00810127",28586.5
"2699","C00810184",32200
"2700","C00810226",3900
"2701","C00810283",18796.04
"2702","C00810317",1
"2703","C00810374",540988.03
"2704","C00810390",5650
"2705","C00810408",8550
"2706","C00810416",322145
"2707","C00810457",16487.09
"2708","C00810598",4800
"2709","C00810648",7300
"2710","C00810713",1410
"2711","C00810721",46400.75
"2712","C00810754",859145.84
"2713","C00810770",69550
"2714","C00810788",792678.34
"2715","C00810804",103400
"2716","C00810820",250
"2717","C00810838",298632.5
"2718","C00810861",14497.03
"2719","C00810994",11370
"2720","C00811018",15850
"2721","C00811109",5354
"2722","C00811125",7150
"2723","C00811141",229182
"2724","C00811158",6100
"2725","C00811174",177870
"2726","C00811182",95046.32
"2727","C00811208",2735.4
"2728","C00811232",216983
"2729","C00811240",97218
"2730","C00811257",36400
"2731","C00811299",651683.84
"2732","C00811315",514540.94
"2733","C00811323",999860.529999999
"2734","C00811414",39550
"2735","C00811422",1400
"2736","C00811497",350
"2737","C00811539",35473.8
"2738","C00811554",100
"2739","C00811661",9150
"2740","C00811679",528760
"2741","C00811729",17650
"2742","C00811760",2270
"2743","C00811778",4110.02
"2744","C00811844",561917.37
"2745","C00811901",83800
"2746","C00811927",12350
"2747","C00811943",67500
"2748","C00811950",18500
"2749","C00811976",73400
"2750","C00812008",30100
"2751","C00812016",1000
"2752","C00812040",82140
"2753","C00812099",250
"2754","C00812115",13618.54
"2755","C00812123",97533.77
"2756","C00812149",94204.2
"2757","C00812156",3000
"2758","C00812180",11050
"2759","C00812198",2700
"2760","C00812222",31030
"2761","C00812248",9045
"2762","C00812263",57372.46
"2763","C00812271",11500
"2764","C00812321",65430
"2765","C00812339",500
"2766","C00812388",4031072.53
"2767","C00812396",6141
"2768","C00812412",85300
"2769","C00812529",2074.02
"2770","C00812560",1900
"2771","C00812644",2054.36
"2772","C00812719",3000
"2773","C00812750",20883
"2774","C00812776",6550
"2775","C00812784",7600
"2776","C00812800",15254
"2777","C00812818",11500
"2778","C00812859",13598
"2779","C00812891",108310
"2780","C00812909",3500
"2781","C00812933",109809.75
"2782","C00812974",379281.57
"2783","C00812982",85550
"2784","C00813014",20
"2785","C00813022",2378.25
"2786","C00813048",38850
"2787","C00813279",208096
"2788","C00813295",657312.99
"2789","C00813352",5325
"2790","C00813394",5000
"2791","C00813402",248380
"2792","C00813444",12598.52
"2793","C00813626",500
"2794","C00813675",5800
"2795","C00813683",13575
"2796","C00813691",2400
"2797","C00813725",698.79
"2798","C00813733",158318
"2799","C00813758",686735.97
"2800","C00813774",125126
"2801","C00813881",70127.48
"2802","C00813907",155100
"2803","C00813923",7570.9
"2804","C00813956",48402.9
"2805","C00813972",8050
"2806","C00813998",50900
"2807","C00814053",15594
"2808","C00814236",97901.48
"2809","C00814269",13690
"2810","C00814293",1685
"2811","C00814319",5400
"2812","C00814350",1800
"2813","C00814384",34460
"2814","C00814400",49341.09
"2815","C00814426",11560
"2816","C00814442",1000
"2817","C00814467",128925
"2818","C00814475",587.43
"2819","C00814517",57180.83
"2820","C00814533",32450
"2821","C00814590",4700
"2822","C00814780",19175
"2823","C00815001",200
"2824","C00815019",125320.22
"2825","C00815027",50101.86
"2826","C00815084",1500
"2827","C00815100",5000
"2828","C00815217",8283.33
"2829","C00815274",243550
"2830","C00815290",2563727.05
"2831","C00815332",28765.42
"2832","C00815357",142859.86
"2833","C00815373",957942.4
"2834","C00815415",646020.21
"2835","C00815498",250
"2836","C00815571",85200
"2837","C00815605",594342.5
"2838","C00815647",353650
"2839","C00815795",716335.82
"2840","C00815803",529925.26
"2841","C00815852",450661.75
"2842","C00815886",1950
"2843","C00815894",1500
"2844","C00815993",3600
"2845","C00816066",38075
"2846","C00816116",7650
"2847","C00816140",129.99
"2848","C00816181",20561
"2849","C00816207",59895
"2850","C00816215",29150
"2851","C00816223",1750
"2852","C00816231",5910
"2853","C00816264",4198.25
"2854","C00816272",1000
"2855","C00816330",9350
"2856","C00816371",175750
"2857","C00816397",66750
"2858","C00816405",119983.37
"2859","C00816439",373463.32
"2860","C00816447",75640
"2861","C00816488",3700
"2862","C00816496",3900
"2863","C00816553",80105.18
"2864","C00816561",432844
"2865","C00816579",20150
"2866","C00816595",127000
"2867","C00816637",5877.9
"2868","C00816660",1830194.59
"2869","C00816686",285428.75
"2870","C00816702",6680
"2871","C00816918",33750
"2872","C00816959",10000
"2873","C00816967",26282
"2874","C00816983",621103
"2875","C00817056",19500
"2876","C00817064",213
"2877","C00817130",2600
"2878","C00817270",20627.67
"2879","C00817296",3957.27
"2880","C00817361",5875800
"2881","C00817403",2500
"2882","C00817437",11916.33
"2883","C00817692",9300
"2884","C00817718",1433
"2885","C00817759",136100
"2886","C00817809",1e+06
"2887","C00817932",581970
"2888","C00817957",36050
"2889","C00817965",26500
"2890","C00818005",2500
"2891","C00818070",15325
"2892","C00818187",79950
"2893","C00818211",119855
"2894","C00818252",6053.5
"2895","C00818302",30310
"2896","C00818351",44960
"2897","C00818369",9125
"2898","C00818377",960.6
"2899","C00818450",100
"2900","C00818468",500
"2901","C00818500",345
"2902","C00818526",4455
"2903","C00818658",2250
"2904","C00818708",1591.18
"2905","C00818716",8870
"2906","C00818724",5075
"2907","C00818773",43475
"2908","C00818781",66100
"2909","C00818799",9525
"2910","C00818831",12393
"2911","C00818864",28388.46
"2912","C00818872",49504.19
"2913","C00818880",58204.19
"2914","C00818906",28338.46
"2915","C00818922",40804.2
"2916","C00818930",33816
"2917","C00818948",20300
"2918","C00818955",28338.46
"2919","C00818963",34138.46
"2920","C00818971",25116
"2921","C00818989",49286.84
"2922","C00818997",33816
"2923","C00819201",3000
"2924","C00819219",500
"2925","C00819268",53772.5
"2926","C00819466",186201
"2927","C00819490",300
"2928","C00819615",36800
"2929","C00819706",8950
"2930","C00819714",50300
"2931","C00819730",12352.2
"2932","C00819748",1478.5
"2933","C00819953",1290
"2934","C00819961",24613.98
"2935","C00820043",475.54
"2936","C00820126",3500
"2937","C00820134",38450
"2938","C00820274",10950
"2939","C00820365",13850
"2940","C00820563",427.26
"2941","C00820621",5000
"2942","C00820647",3500
"2943","C00820779",25800
"2944","C00821033",10900
"2945","C00821249",125600
"2946","C00821264",20373.55
"2947","C00821363",37100
"2948","C00821413",11500
"2949","C00821587",10000
"2950","C00821645",1250
"2951","C00821660",11600
"2952","C00821983",8000
"2953","C00822023",46750
"2954","C00822031",80900
"2955","C00822114",10708
"2956","C00822122",186050
"2957","C00822213",77950
"2958","C00822304",3400
"2959","C00822452",1250
"2960","C00822528",196300
"2961","C00822718",28700
"2962","C00822734",57326.14
"2963","C00822742",25700
"2964","C00822767",503726.03
"2965","C00823054",104350
"2966","C00823385",7025
"2967","C00823815",56680
"2968","C00823823",32100
"2969","C00824235",262200
"2970","C00824284",33600
"2971","C00824615",36000
"2972","C00824805",6300
"2973","C00825174",13800
"2974","C00825521",1750
"2975","C00825711",40000
"2976","C00825950",41950
"2977","C00826081",5750
