"","DRA.Office","ID","State","Dem.2020.Pres.%","Rep.2020.Pres.%","Dem.Comp.%","Rep.Comp.%","2020.White.%","Dem-Rep.2020","Dem-Rep.Comp"
"1","Representative","At-Large","AK",0.430065246148296,0.531228937631618,0.417604374155294,0.527586302441067,0.575079323307758,-0.101163691483322,-0.109981928285773
"2","Representative","At-Large","DE",0.587821670204956,0.398013928295074,0.586973399256323,0.392182768311563,0.585738846888928,0.189807741909883,0.19479063094476
"3","Representative","At-Large","MT",0.405516533032934,0.569216751706315,0.426528960312301,0.55094822196205,0.831301620973506,-0.163700218673381,-0.124419261649749
"4","Representative","At-Large","ND",0.317774512187037,0.65120268269507,0.290716216536647,0.669012164180874,0.816538184095886,-0.333428170508033,-0.378295947644227
"5","Representative","At-Large","SD",0.356052521361353,0.617693896722502,0.366747796804084,0.621479338798374,0.795770001590225,-0.26164137536115,-0.25473154199429
"6","Representative","At-Large","VT",0.66086416930664,0.306737646559326,0.580605809229868,0.370335354323985,0.891341161322828,0.354126522747314,0.210270454905884
"7","Representative","At-Large","WY",0.265535743320145,0.699362274854118,0.263994468370261,0.694501235653402,0.814185985635805,-0.433826531533973,-0.430506767283142
"8","Representative","1","AL",0.352411650082792,0.634643474654575,0.386418907664119,0.604064333438211,0.634309248015337,-0.282231824571782,-0.217645425774093
"9","Representative","2","AL",0.347080345473997,0.64078626837553,0.367428914108555,0.624812832611065,0.593715125634792,-0.293705922901532,-0.25738391850251
"10","Representative","3","AL",0.323725914516022,0.663986039317968,0.352228642260063,0.639298476842754,0.659427881976276,-0.340260124801945,-0.287069834582691
"11","Representative","4","AL",0.185735389923199,0.802369788560295,0.223576695296741,0.768514262487512,0.799251554153652,-0.616634398637096,-0.54493756719077
"12","Representative","5","AL",0.354881510026075,0.624780787779496,0.379210120775544,0.605092642368204,0.684153623664933,-0.269899277753421,-0.22588252159266
"13","Representative","6","AL",0.342273991967151,0.640905827181547,0.363820002289362,0.622221623696242,0.684699771788106,-0.298631835214396,-0.25840162140688
"14","Representative","7","AL",0.65488557226098,0.334368675597513,0.680261119794125,0.31321787838419,0.362879203738328,0.320516896663467,0.367043241409935
"15","Representative","1","AR",0.28074702223214,0.689810036542163,0.291143187568334,0.681776020019498,0.732924124495521,-0.409063014310023,-0.390632832451165
"16","Representative","2","AR",0.42113133217832,0.552376434132734,0.406029295033142,0.565598350034261,0.66272269532755,-0.131245101954414,-0.159569055001119
"17","Representative","3","AR",0.367927293072327,0.602096751633508,0.344755034565675,0.622059544713904,0.676866887319624,-0.234169458561181,-0.277304510148229
"18","Representative","4","AR",0.310015988654076,0.662482188371766,0.317709273635434,0.658448426310405,0.668384487296272,-0.35246619971769,-0.340739152674971
"19","Representative","1","AZ",0.501017907389878,0.486261491979927,0.474840500166671,0.509097110785522,0.698901726756866,0.0147564154099508,-0.0342566106188515
"20","Representative","2","AZ",0.452884563235562,0.531685574965117,0.44420337960169,0.53347917923959,0.552800612122646,-0.0788010117295547,-0.0892757996378998
"21","Representative","3","AZ",0.745059426300931,0.238816179289673,0.741594707245952,0.235805052481965,0.195664047358963,0.506243247011258,0.505789654763986
"22","Representative","4","AZ",0.541626052162487,0.438768586184427,0.517587474238229,0.457929332526159,0.551566741462175,0.10285746597806,0.0596581417120702
"23","Representative","5","AZ",0.410393629865277,0.57405233705755,0.395640558102674,0.585029548979484,0.670568780738272,-0.163658707192273,-0.189388990876811
"24","Representative","6","AZ",0.492777751024461,0.492076049742824,0.471336039428568,0.509153448641247,0.631386930208618,0.000701701281636713,-0.0378174092126785
"25","Representative","7","AZ",0.656406438441999,0.32875738608418,0.655145095507761,0.32333893623175,0.284554329099396,0.32764905235782,0.33180615927601
"26","Representative","8","AZ",0.425351132324061,0.560740298804286,0.408036806633981,0.573093081365726,0.642959439221757,-0.135389166480225,-0.165056274731745
"27","Representative","9","AZ",0.364020374859998,0.621557064192917,0.355688510324857,0.627106404335754,0.574633909379672,-0.257536689332919,-0.271417894010897
"28","Representative","1","CA",0.392715499565545,0.58267113643598,0.377523200963272,0.601808871268433,0.61508701532087,-0.189955636870435,-0.224285670305161
"29","Representative","2","CA",0.735215270212665,0.240439539620139,0.721992606877041,0.254731211908564,0.647503454184068,0.494775730592526,0.467261394968477
"30","Representative","3","CA",0.478769959673774,0.496609341941084,0.452717740738909,0.525330959328684,0.690523521180179,-0.0178393822673104,-0.0726132185897753
"31","Representative","4","CA",0.670602662553953,0.304962032366203,0.656993114393222,0.320759848465457,0.513029692721696,0.36564063018775,0.336233265927765
"32","Representative","5","CA",0.427239299309987,0.550583492573504,0.414006626713259,0.567899669871389,0.592070691886381,-0.123344193263517,-0.15389304315813
"33","Representative","6","CA",0.578625051758592,0.394388468485769,0.565985567793392,0.410296240030384,0.471962258665574,0.184236583272823,0.155689327763008
"34","Representative","7","CA",0.674385853264745,0.302671663514174,0.668840756243587,0.312267918706029,0.314004379253944,0.37171418975057,0.356572837537557
"35","Representative","8","CA",0.759541806571671,0.219540126155675,0.757475187940254,0.224900850417316,0.239595329589512,0.540001680415996,0.532574337522937
"36","Representative","9","CA",0.552351756153105,0.426252080231234,0.538947387416651,0.443647420801415,0.287381451362087,0.126099675921871,0.095299966615236
"37","Representative","10","CA",0.686328394084627,0.292663921011105,0.659589323877987,0.32035044686225,0.476591087856092,0.393664473073522,0.339238877015737
"38","Representative","11","CA",0.862858449112291,0.117314774834269,0.866086019113457,0.115547722327267,0.432195017861094,0.745543674278022,0.75053829678619
"39","Representative","12","CA",0.893165389423338,0.0860862003369748,0.897462538963234,0.0833907089117835,0.328706950647817,0.807079189086363,0.81407183005145
"40","Representative","13","CA",0.54283264478915,0.434480040879604,0.540161779461968,0.442197196046886,0.22231769938235,0.108352603909545,0.0979645834150826
"41","Representative","14","CA",0.716743510163076,0.26215293350795,0.708808111541185,0.271325207303684,0.255749154613545,0.454590576655125,0.437482904237501
"42","Representative","15","CA",0.777273167314909,0.203800618440459,0.77394455933655,0.209876543209877,0.285335244474072,0.57347254887445,0.564068016126674
"43","Representative","16","CA",0.754304816053862,0.224002261697215,0.742817943579467,0.237453368275012,0.434777280077172,0.530302554356647,0.505364575304455
"44","Representative","17","CA",0.727188415013845,0.253000914185778,0.730228705114436,0.250888761229196,0.208694529321933,0.474187500828067,0.47933994388524
"45","Representative","18","CA",0.709408847709774,0.268943531999776,0.710502138139698,0.270232958617737,0.183959193243935,0.440465315709998,0.440269179521961
"46","Representative","19","CA",0.686507994238911,0.29059070563646,0.674245893941063,0.304660007304814,0.4825013677501,0.395917288602451,0.369585886636249
"47","Representative","20","CA",0.364298657170583,0.613224479514051,0.342289171951375,0.640699216833536,0.49381562707183,-0.248925822343468,-0.298410044882162
"48","Representative","21","CA",0.59107578923241,0.388348187917096,0.585039596005968,0.399122001606794,0.17883907511027,0.202727601315314,0.185917594399174
"49","Representative","22","CA",0.552428349869341,0.423500605494062,0.55539093256572,0.425863212405989,0.157667590927162,0.128927744375279,0.129527720159731
"50","Representative","23","CA",0.438856177719393,0.53712261605949,0.417702676388498,0.56424846924425,0.397122875133776,-0.0982664383400971,-0.146545792855752
"51","Representative","24","CA",0.63351413496046,0.342896394602847,0.610661986644511,0.367671128868642,0.497259813607173,0.290617740357613,0.242990857775869
"52","Representative","25","CA",0.566757524005565,0.413679873025926,0.563872330793028,0.420392867023819,0.242943485494437,0.153077650979638,0.14347946376921
"53","Representative","26","CA",0.589455796695455,0.389692590674123,0.567813413727864,0.412517402408591,0.423853131202898,0.199763206021333,0.155296011319273
"54","Representative","27","CA",0.550877521905091,0.427248146379618,0.537270333353283,0.442822730265127,0.3376162646157,0.123629375525473,0.0944476030881561
"55","Representative","28","CA",0.659576594388444,0.320803487505267,0.649863820590872,0.331981197356176,0.272486412953842,0.338773106883177,0.317882623234696
"56","Representative","29","CA",0.745446872294136,0.232371410068906,0.776416707259998,0.203807176900962,0.213632300967323,0.51307546222523,0.572609530359036
"57","Representative","30","CA",0.722056704520609,0.259780252201561,0.752468127477076,0.229976766736735,0.556472154034272,0.462276452319048,0.52249136074034
"58","Representative","31","CA",0.644801198345762,0.334458953401283,0.653780031988505,0.326235705671545,0.149930935396204,0.310342244944479,0.32754432631696
"59","Representative","32","CA",0.694593331895799,0.287273203339186,0.704111111461922,0.27890896576547,0.524552894416884,0.407320128556613,0.425202145696452
"60","Representative","33","CA",0.615363520687991,0.361944773521712,0.619887632179396,0.360700704138963,0.175048664981551,0.253418747166279,0.259186928040433
"61","Representative","34","CA",0.809467413574618,0.167035778154127,0.841514143094842,0.138021995860558,0.109040061027275,0.642431635420491,0.703492147234284
"62","Representative","35","CA",0.628930610813358,0.349302381656967,0.639570413857359,0.341304587394933,0.148979653408785,0.279628229156391,0.298265826462426
"63","Representative","36","CA",0.710265752301124,0.269040129521949,0.70355747932976,0.277017849393278,0.554679092194391,0.441225622779175,0.426539629936482
"64","Representative","37","CA",0.856949797287151,0.124155363131288,0.880063465049903,0.104402666241203,0.131523585461469,0.732794434155864,0.775660798808701
"65","Representative","38","CA",0.640765845485865,0.338819670583793,0.646949674322672,0.333969736352797,0.134823675670397,0.301946174902072,0.312979937969874
"66","Representative","39","CA",0.619721635997646,0.358420829694159,0.616128551559706,0.36394297635605,0.194893398774109,0.261300806303487,0.252185575203656
"67","Representative","40","CA",0.499227588285717,0.4805319279208,0.465020920019825,0.515592042324139,0.485270946084812,0.0186956603649174,-0.0505711223043142
"68","Representative","41","CA",0.485713355013491,0.496644823636077,0.465862923321885,0.519078491713851,0.439859173233463,-0.0109314686225861,-0.053215568391966
"69","Representative","42","CA",0.717180860252202,0.258925548453964,0.725216193330145,0.252780568705823,0.180797850132913,0.458255311798238,0.472435624624322
"70","Representative","43","CA",0.807888087709448,0.170062649605485,0.831835274911414,0.150999570635224,0.069190263288624,0.637825438103963,0.68083570427619
"71","Representative","44","CA",0.72928631425118,0.247222355005907,0.748372710005244,0.23172080683616,0.125258756832566,0.482063959245273,0.516651903169084
"72","Representative","45","CA",0.521367688895858,0.459527116328039,0.522234169954291,0.459039857873935,0.252070065163713,0.0618405725678188,0.0631943120803559
"73","Representative","46","CA",0.641207976398946,0.337143262814142,0.656266291314774,0.323813992284433,0.148191166552057,0.304064713584804,0.332452299030341
"74","Representative","47","CA",0.544740133994009,0.433950776771302,0.52545487903634,0.454926485474238,0.50235488320438,0.110789357222707,0.0705283935621014
"75","Representative","48","CA",0.427127416109013,0.550429203754798,0.397684104388706,0.582554357075652,0.533005455981081,-0.123301787645785,-0.184870252686946
"76","Representative","49","CA",0.545830218610377,0.431736374783203,0.51968903820611,0.459657304957719,0.578529655274246,0.114093843827174,0.0600317332483908
"77","Representative","50","CA",0.653635876096175,0.322648002304079,0.626777640215561,0.352021712739968,0.547556273145343,0.330987873792097,0.274755927475593
"78","Representative","51","CA",0.624636406683353,0.35171751335994,0.604224692019282,0.373888591322978,0.456653314886158,0.272918893323412,0.230336100696304
"79","Representative","52","CA",0.673968649570407,0.305345313832229,0.689751242064587,0.291574661882418,0.133779215882562,0.368623335738178,0.39817658018217
"80","Representative","1","CO",0.795106825829476,0.182166416244472,0.764105586760049,0.199616300302799,0.544488537010506,0.612940409585004,0.56448928645725
"81","Representative","2","CO",0.686712201945299,0.287784604831641,0.650045861955514,0.307589156638518,0.760851853904561,0.398927597113658,0.342456705316996
"82","Representative","3","CO",0.446891628592019,0.529426465985165,0.433226997283555,0.526391307376193,0.667253682124894,-0.0825348373931463,-0.0931643100926377
"83","Representative","4","CO",0.394755468518565,0.580258834543534,0.359276511946094,0.602643088189935,0.75760119923413,-0.18550336602497,-0.243366576243841
"84","Representative","5","CO",0.430829954852427,0.531900536093958,0.388647110910153,0.560664292846512,0.656024408560732,-0.101070581241532,-0.172017181936359
"85","Representative","6","CO",0.605842611144838,0.367945888624574,0.561576179119903,0.397929393875496,0.558335330984188,0.237896722520264,0.163646785244407
"86","Representative","7","CO",0.556961227094718,0.415231700236799,0.517516439036565,0.438307588521216,0.748912632309681,0.141729526857918,0.0792088505153493
"87","Representative","8","CO",0.508056547845253,0.46259668734397,0.482913442162857,0.469969342011123,0.517244867417524,0.0454598605012833,0.0129441001517346
"88","Representative","1","CT",0.632870144012801,0.352070184016357,0.607713177528859,0.366262338910949,0.570392781919857,0.280799959996444,0.24145083861791
"89","Representative","2","CT",0.547212782417538,0.432489155217623,0.52421680785847,0.445514445007603,0.780240381148882,0.114723627199914,0.0787023628508676
"90","Representative","3","CT",0.592223263470806,0.394985136717175,0.581217756369762,0.399544640977048,0.607115471811134,0.197238126753631,0.181673115392714
"91","Representative","4","CT",0.649020220883364,0.337011906069645,0.606808044024178,0.37690964348809,0.569241904687953,0.312008314813719,0.229898400536088
"92","Representative","5","CT",0.546186435935034,0.438761347227974,0.521453481756173,0.455864732617994,0.633391524274497,0.10742508870706,0.0655887491381792
"93","Representative","1","FL",0.328879848038104,0.65104521055417,0.300331691335363,0.675741222668866,0.69409311498256,-0.322165362516066,-0.375409531333504
"94","Representative","2","FL",0.438628500903773,0.548252220559367,0.438245938464331,0.545377450535487,0.632815536757317,-0.109623719655595,-0.107131512071156
"95","Representative","3","FL",0.423540383403468,0.564201276656299,0.421289718663569,0.562927328742847,0.650486661180597,-0.140660893252831,-0.141637610079278
"96","Representative","4","FL",0.459231815176578,0.526073126005763,0.439757967795168,0.543418208925614,0.521219519487897,-0.0668413108291855,-0.103660241130446
"97","Representative","5","FL",0.413617570274319,0.570989508225841,0.377337979253563,0.602519210193561,0.646693213003805,-0.157371937951521,-0.225181230939998
"98","Representative","6","FL",0.376560113934796,0.612914013371904,0.374026671695827,0.608537000048577,0.713151357022234,-0.236353899437108,-0.23451032835275
"99","Representative","7","FL",0.465709030393273,0.521016674119388,0.448444017939327,0.526434768498183,0.614721906968218,-0.0553076437261148,-0.0779907505588553
"100","Representative","8","FL",0.405230587632848,0.581186288422231,0.390190684735091,0.587553671479891,0.715536887318469,-0.175955700789383,-0.1973629867448
"101","Representative","9","FL",0.58097327249404,0.407057045623613,0.588113115294671,0.392151214575666,0.300315514007028,0.173916226870428,0.195961900719005
"102","Representative","10","FL",0.651215755766589,0.334364054778881,0.638754852776941,0.3394479800039,0.354838206445222,0.316851700987709,0.299306872773041
"103","Representative","11","FL",0.440814319663783,0.549387153041992,0.4145442558297,0.569389173328898,0.593807241351965,-0.108572833378209,-0.154844917499198
"104","Representative","12","FL",0.350745121064698,0.637344125705978,0.353204112079817,0.622974847312229,0.752587357859445,-0.286599004641279,-0.269770735232412
"105","Representative","13","FL",0.459851624365819,0.527337535760829,0.451450612107999,0.525037208619822,0.739817295679655,-0.0674859113950097,-0.073586596511823
"106","Representative","14","FL",0.5881523236369,0.39699297038208,0.583830213841693,0.39558083191257,0.463903091569263,0.19115935325482,0.188249381929124
"107","Representative","15","FL",0.477383394347,0.508656172857905,0.465878676042758,0.512074210762555,0.510867488017098,-0.0312727785109052,-0.0461955347197978
"108","Representative","16","FL",0.449473768857936,0.538156936040802,0.427200300916933,0.551895838343477,0.598284498213127,-0.0886831671828662,-0.124695537426544
"109","Representative","17","FL",0.415649185053775,0.574875263332964,0.407865594454824,0.575328297186798,0.755355093009681,-0.159226078279188,-0.167462702731974
"110","Representative","18","FL",0.380339443158099,0.608131922028447,0.376649565341314,0.606377369246117,0.553021823377157,-0.227792478870348,-0.229727803904803
"111","Representative","19","FL",0.391166610137032,0.601350712158025,0.361180187410279,0.625303778724751,0.697397756951513,-0.210184102020992,-0.264123591314472
"112","Representative","20","FL",0.757333677060414,0.234692654032698,0.778842292259878,0.211634966406287,0.206230719130133,0.522641023027716,0.567207325853591
"113","Representative","21","FL",0.448676160979546,0.542920515560124,0.449676330404566,0.537575135126205,0.639349419737631,-0.0942443545805777,-0.0878988047216387
"114","Representative","22","FL",0.583917913290834,0.408094379397049,0.589064527363337,0.398955826016205,0.506553391747484,0.175823533893785,0.190108701347132
"115","Representative","23","FL",0.561986570685379,0.430340572258182,0.565234735125168,0.422951681913812,0.551736107048559,0.131645998427197,0.142283053211356
"116","Representative","24","FL",0.741124519326544,0.251474467712628,0.789531818382645,0.201742242382292,0.176186037562677,0.489650051613916,0.587789576000353
"117","Representative","25","FL",0.595342236888529,0.396625884648112,0.619767696690774,0.367563264622088,0.325355132010177,0.198716352240417,0.252204432068685
"118","Representative","26","FL",0.4050327682461,0.588030328193467,0.438843575395543,0.548583854216953,0.19399886378557,-0.182997559947366,-0.109740278821411
"119","Representative","27","FL",0.494635303397687,0.497826624337919,0.523772032657931,0.464619418566741,0.171703580635474,-0.0031913209402315,0.0591526140911897
"120","Representative","28","FL",0.464562730552043,0.527913915582259,0.510310747885584,0.475875700845766,0.150811015299894,-0.0633511850302158,0.0344350470398175
"121","Representative","1","GA",0.426383883736043,0.560226265729308,0.40981071058228,0.574093537444856,0.575891637706711,-0.133842381993265,-0.164282826862576
"122","Representative","2","GA",0.547355430960394,0.443609495956254,0.535877552764249,0.453637244011507,0.399419973155134,0.10374593500414,0.0822403087527415
"123","Representative","3","GA",0.343306837156279,0.644443982788305,0.320802194970365,0.662171626066789,0.64366857656678,-0.301137145632026,-0.341369431096424
"124","Representative","4","GA",0.78305044796808,0.20598394441997,0.757643294814853,0.226209596306313,0.258171433799264,0.577066503548109,0.53143369850854
"125","Representative","5","GA",0.826684824755528,0.161434056684582,0.800420019711451,0.181765986386203,0.357869244331407,0.665250768070946,0.618654033325248
"126","Representative","6","GA",0.418357061257404,0.565966188908195,0.368080834508805,0.606944191654912,0.637010936617804,-0.147609127650792,-0.238863357146107
"127","Representative","7","GA",0.622747478463472,0.364627977559091,0.581901663602041,0.396863564322681,0.29524777915589,0.258119500904381,0.18503809927936
"128","Representative","8","GA",0.35672774821568,0.633005224318811,0.337445338509868,0.650576967900616,0.579142792915246,-0.27627747610313,-0.313131629390748
"129","Representative","9","GA",0.304145738465562,0.683004817867359,0.275406573244774,0.70503706729164,0.647044908297468,-0.378859079401797,-0.429630494046866
"130","Representative","10","GA",0.376481891739521,0.610691589180834,0.354370722255211,0.628302653373754,0.635818515686774,-0.234209697441313,-0.273931931118542
"131","Representative","11","GA",0.415314285117537,0.568216944975302,0.379829040852575,0.595116069666469,0.613307159371459,-0.152902659857765,-0.215287028813894
"132","Representative","12","GA",0.443327153685495,0.544775068641025,0.423453430965604,0.562948756611695,0.521270728341105,-0.10144791495553,-0.139495325646091
"133","Representative","13","GA",0.796806016856972,0.193270589877674,0.781157045880307,0.205293055173201,0.163507973081945,0.603535426979298,0.575863990707106
"134","Representative","14","GA",0.306571654790182,0.68086859622885,0.287656511810411,0.694102924853121,0.680734772295085,-0.374296941438667,-0.40644641304271
"135","Representative","1","HI",0.638825620103622,0.344511944391803,0.664989157759398,0.305655235938669,0.147718527798236,0.294313675711819,0.359333921820729
"136","Representative","2","HI",0.63592358157111,0.340958893886661,0.653902976797237,0.306997651433165,0.284085358826467,0.294964687684448,0.346905325364073
"137","Representative","1","IA",0.475169252764812,0.504001794149391,0.470153357204684,0.500264408973593,0.8338331761921,-0.0288325413845787,-0.0301110517689092
"138","Representative","2","IA",0.46785491493275,0.51174321683344,0.455947945904567,0.51449859658076,0.859299714514618,-0.0438883019006908,-0.0585506506761929
"139","Representative","3","IA",0.488111263850407,0.491558581851248,0.471754439474956,0.498300866706435,0.788439861526097,-0.00344731800084042,-0.0265464272314789
"140","Representative","4","IA",0.360574172079716,0.620280209727526,0.353600815752308,0.6211332195497,0.826131925856741,-0.25970603764781,-0.267532403797392
"141","Representative","1","ID",0.295224988326657,0.676839417248844,0.290675105835708,0.671019151486961,0.800312760656536,-0.381614428922187,-0.380344045651253
"142","Representative","2","ID",0.369038314906595,0.598467880289745,0.357959829566103,0.592086098305676,0.777109095397438,-0.229429565383149,-0.234126268739573
"143","Representative","1","IL",0.704906060491309,0.281201819824401,0.696718457523264,0.253271275566838,0.360600097919931,0.423704240666908,0.443447181956427
"144","Representative","2","IL",0.692923292084164,0.292914924708561,0.681526129495552,0.273718009813556,0.333344390236136,0.400008367375602,0.407808119681996
"145","Representative","3","IL",0.697242345165288,0.282908988322536,0.678986714180579,0.273234690320332,0.390790749883571,0.414333356842752,0.405752023860247
"146","Representative","4","IL",0.722639378853318,0.258699845043025,0.707433477686401,0.244478612705891,0.234102937995985,0.463939533810293,0.46295486498051
"147","Representative","5","IL",0.689654400517342,0.292032184651354,0.64064958718166,0.317139631968157,0.713328123320733,0.397622215865989,0.323509955213503
"148","Representative","6","IL",0.545114307388711,0.436349018728215,0.514709427118605,0.437101846856671,0.720519532903352,0.108765288660495,0.0776075802619345
"149","Representative","7","IL",0.856261209645277,0.127942531885213,0.82400032647953,0.129819824109153,0.29480666120898,0.728318677760064,0.694180502370377
"150","Representative","8","IL",0.567779819373713,0.413671965157651,0.541508854539871,0.413348346811342,0.544271617682376,0.154107854216062,0.128160507728529
"151","Representative","9","IL",0.698444751199632,0.284872148820088,0.669130769552164,0.292767654098449,0.592278920545539,0.413572602379544,0.376363115453715
"152","Representative","10","IL",0.619839381822476,0.361199687311951,0.561023684831629,0.398116312744391,0.578921739684241,0.258639694510525,0.162907372087238
"153","Representative","11","IL",0.565969237401977,0.412968556534358,0.518169403053018,0.434226578859519,0.62977774298539,0.15300068086762,0.0839428241934994
"154","Representative","12","IL",0.277159097727101,0.704932658219923,0.31023697262161,0.649888022645927,0.868624092283564,-0.427773560492822,-0.339651050024318
"155","Representative","13","IL",0.544432400500458,0.432280680244433,0.534873884373469,0.418374022828313,0.644954005495723,0.112151720256025,0.116499861545156
"156","Representative","14","IL",0.547345229090742,0.432733961355979,0.52345077771704,0.425933840216005,0.588151157591382,0.114611267734764,0.0975169375010353
"157","Representative","15","IL",0.29598547161603,0.683433494197752,0.303905601556194,0.647637329256501,0.897219896587,-0.387448022581722,-0.343731727700307
"158","Representative","16","IL",0.381084016930741,0.596194328950818,0.358054262685889,0.591114201384947,0.848236048068337,-0.215110312020077,-0.233059938699058
"159","Representative","17","IL",0.527134587554269,0.449261336227689,0.510777728368479,0.440029556419661,0.67513095813055,0.0778732513265799,0.0707481719488179
"160","Representative","1","IN",0.533701599079531,0.45014323619884,0.564573027857329,0.409675214787816,0.593710167956103,0.0835583628806913,0.154897813069513
"161","Representative","2","IN",0.377888159669154,0.603582024376774,0.392238443334948,0.575768747322814,0.759475135520136,-0.22569386470762,-0.183530303987866
"162","Representative","3","IN",0.339789102086155,0.638768088376269,0.345285701136259,0.621321987788539,0.804853656822031,-0.298978986290114,-0.27603628665228
"163","Representative","4","IN",0.342941542738818,0.634286624480517,0.343346878172005,0.621093814158682,0.813758792063633,-0.291345081741699,-0.277746935986676
"164","Representative","5","IN",0.410264539941141,0.569649718983898,0.396198834861575,0.569848921805386,0.811204235841511,-0.159385179042757,-0.173650086943811
"165","Representative","6","IN",0.329748109920056,0.6490148674231,0.332715336453711,0.62994819632714,0.809699329795517,-0.319266757503045,-0.297232859873429
"166","Representative","7","IN",0.702910121718746,0.279232088709492,0.679047378820364,0.289839688345175,0.453001462963675,0.423678033009255,0.38920769047519
"167","Representative","8","IN",0.326639608784896,0.65496548957128,0.376494372721629,0.594619462264601,0.876931667610588,-0.328325880786384,-0.218125089542973
"168","Representative","9","IN",0.353931875702446,0.627824848860251,0.371853157666852,0.598376322137688,0.869620981818375,-0.273892973157805,-0.226523164470836
"169","Representative","1","KS",0.341181553083486,0.637088238470677,0.332002706120295,0.627210677132221,0.745538960066442,-0.295906685387191,-0.295207971011926
"170","Representative","2","KS",0.406875872858871,0.569988895835472,0.403855672232252,0.552769795572458,0.697791604830694,-0.1631130229766,-0.148914123340206
"171","Representative","3","KS",0.511591859076433,0.467090465764331,0.476605522987617,0.475677193465019,0.750398246354514,0.0445013933121019,0.00092832952259797
"172","Representative","4","KS",0.379684676225105,0.597144783549717,0.367420814479638,0.583259707044873,0.696212234672621,-0.217460107324612,-0.215838892565235
"173","Representative","1","KY",0.278651679007996,0.706396653918064,0.322462570098402,0.661127129404296,0.838365693573537,-0.427744974910068,-0.338664559305894
"174","Representative","2","KY",0.308616887029479,0.674352838189652,0.346735872998731,0.632546100056697,0.835419962395402,-0.365735951160173,-0.285810227057966
"175","Representative","3","KY",0.60233381157341,0.378850857416137,0.606608344926102,0.37495526280573,0.618747944333551,0.223482954157273,0.231653082120372
"176","Representative","4","KY",0.327435184765722,0.654478640085914,0.348998636686572,0.628922726370834,0.865603690145984,-0.327043455320192,-0.279924089684262
"177","Representative","5","KY",0.19704123579103,0.79029667047405,0.269301344429755,0.715574723853695,0.937023035448678,-0.59325543468302,-0.44627337942394
"178","Representative","6","KY",0.435274349933892,0.544771925958572,0.460741019635872,0.517992635750432,0.784862817788147,-0.10949757602468,-0.0572516161145606
"179","Representative","1","LA",0.293029543832919,0.688360040986905,0.277558681761401,0.699446046788445,0.670177052255149,-0.395330497153985,-0.421887365027044
"180","Representative","2","LA",0.755756496855555,0.227697734003261,0.736950492590446,0.241572839915004,0.270501612099181,0.528058762852294,0.495377652675442
"181","Representative","3","LA",0.303089850150361,0.679613690640148,0.284087412540636,0.693708277033806,0.644122250491127,-0.376523840489787,-0.40962086449317
"182","Representative","4","LA",0.371991321927487,0.612816364365309,0.358892769021263,0.624583709736136,0.556816469221326,-0.240825042437822,-0.265690940714873
"183","Representative","5","LA",0.344259255561609,0.641044803792648,0.334882218136275,0.647517121006209,0.579213347812701,-0.296785548231039,-0.312634902869934
"184","Representative","6","LA",0.322012065284684,0.659218171773452,0.319019010131502,0.660195132538203,0.624187961411179,-0.337206106488769,-0.3411761224067
"185","Representative","1","MA",0.596176073974186,0.380331849658822,0.554921725114721,0.420140371557619,0.694153011830706,0.215844224315364,0.134781353557102
"186","Representative","2","MA",0.640254271397235,0.333410476746292,0.58242370796823,0.390660622487532,0.707913573276695,0.306843794650943,0.191763085480698
"187","Representative","3","MA",0.624098066254049,0.351075372264802,0.567961996334092,0.406551065840463,0.606535382062778,0.273022693989246,0.161410930493629
"188","Representative","4","MA",0.630245271337841,0.346874529404594,0.575092857447808,0.402228578747385,0.779143083562603,0.283370741933248,0.172864278700423
"189","Representative","5","MA",0.743691509135834,0.234931409702921,0.682445669115691,0.297074611840544,0.645706509145424,0.508760099432914,0.385371057275148
"190","Representative","6","MA",0.626300799165012,0.351517617453375,0.559352662332787,0.417489301220166,0.766767677931535,0.274783181711637,0.141863361112621
"191","Representative","7","MA",0.851500515239065,0.13038077115167,0.814071812228681,0.168460746081966,0.38670109665575,0.721119744087395,0.645611066146715
"192","Representative","8","MA",0.66556357344609,0.312723328381813,0.601862410802999,0.377365414145064,0.663152827671674,0.352840245064278,0.224496996657935
"193","Representative","9","MA",0.579664780148019,0.398576404005224,0.51727736638146,0.461231119466933,0.829667572224882,0.181088376142795,0.0560462469145276
"194","Representative","1","MD",0.414822529275706,0.55932281385858,0.369174094566678,0.601392640961558,0.720520790736437,-0.144500284582874,-0.23221854639488
"195","Representative","2","MD",0.589495900641286,0.382881625943664,0.525346711494011,0.441015269314282,0.593789644911312,0.206614274697622,0.0843314421797297
"196","Representative","3","MD",0.611836018580215,0.358889117919169,0.535104245699883,0.430150976530865,0.570192022370431,0.252946900661045,0.104953269169018
"197","Representative","4","MD",0.892256146632286,0.086231872156618,0.873498016088603,0.105508866716374,0.106563004086548,0.806024274475668,0.76798914937223
"198","Representative","5","MD",0.670005534298337,0.307382563143481,0.609108472977155,0.364474130963219,0.437277396884492,0.362622971154855,0.244634342013936
"199","Representative","6","MD",0.535885244235737,0.438180252552535,0.489434092233213,0.480128368134574,0.600897351014662,0.0977049916832022,0.00930572409863872
"200","Representative","7","MD",0.805366894552807,0.173749052251722,0.767776701735851,0.204465084885035,0.298667834478336,0.631617842301085,0.563311616850817
"201","Representative","8","MD",0.798550749839152,0.177695856197817,0.744099458564277,0.228166903320048,0.443022732840199,0.620854893641334,0.515932555244229
"202","Representative","1","ME",0.599868882642991,0.371815347705098,0.536813192465563,0.407802421636302,0.894474139690155,0.228053534937894,0.129010770829261
"203","Representative","2","ME",0.454850727095216,0.515983248548379,0.412340371370791,0.529091654763757,0.908668780645351,-0.0611325214531628,-0.116751283392966
"204","Representative","1","MI",0.393412311066199,0.591206381286147,0.397473316166692,0.575267585430602,0.894452361760439,-0.197794070219948,-0.17779426926391
"205","Representative","2","MI",0.35031779533257,0.632358439365615,0.359991727299624,0.607331106215153,0.878198238186728,-0.282040644033046,-0.247339378915529
"206","Representative","3","MI",0.532740658291493,0.447807094349037,0.501814318861648,0.46565094629728,0.70149236407906,0.0849335639424564,0.0361633725643678
"207","Representative","4","MI",0.471100626294802,0.5105488162669,0.451359300388052,0.517596537726038,0.750888200361477,-0.0394481899720981,-0.0662372373379855
"208","Representative","5","MI",0.370508897200499,0.612145134505172,0.377742960556735,0.592341062167392,0.845009450721973,-0.241636237304673,-0.214598101610656
"209","Representative","6","MI",0.626821563455691,0.360089029872326,0.61274092736559,0.364215889205794,0.691477711722193,0.266732533583365,0.248525038159796
"210","Representative","7","MI",0.496092379413533,0.486621120594289,0.493047540107366,0.478809521965125,0.799032039193125,0.00947125881924377,0.0142380181422407
"211","Representative","8","MI",0.502572167470469,0.482279070851099,0.509981177808772,0.461579709948679,0.734023108010665,0.0202930966193704,0.0484014678600929
"212","Representative","9","MI",0.345575026086208,0.640072718666968,0.355886746944579,0.617435375251672,0.879372149860251,-0.29449769258076,-0.261548628307093
"213","Representative","10","MI",0.488494261671502,0.498284201391716,0.495294837471865,0.478990805622385,0.727534706366467,-0.0097899397202143,0.0163040318494791
"214","Representative","11","MI",0.59254668328055,0.394181679732793,0.579692726799271,0.396064940007612,0.683000072205145,0.198365003547756,0.183627786791659
"215","Representative","12","MI",0.736783276714818,0.251695974062181,0.736128055193303,0.24152178224367,0.459528382567104,0.485087302652638,0.494606272949632
"216","Representative","13","MI",0.74206353863487,0.246194606140269,0.745483218957568,0.230375632280479,0.367984415972854,0.495868932494601,0.515107586677088
"217","Representative","1","MN",0.442073554051939,0.533866013902039,0.449976506467371,0.498195874003741,0.824160849895768,-0.0917924598501002,-0.0482193675363706
"218","Representative","2","MN",0.523633564280216,0.452103985314147,0.5027706781827,0.443616974397391,0.752805224081468,0.0715295789660686,0.0591537037853082
"219","Representative","3","MN",0.592968846766092,0.383942620431494,0.556215395373352,0.39466364694279,0.713796646904366,0.209026226334598,0.161551748430561
"220","Representative","4","MN",0.6758973456666,0.300786748441585,0.647841810083815,0.297132411615233,0.62225646000628,0.375110597225015,0.350709398468582
"221","Representative","5","MN",0.802561293661841,0.173715207461269,0.7692065867847,0.176237386874838,0.59939409402898,0.628846086200572,0.592969199909862
"222","Representative","6","MN",0.399718531835062,0.575667462713903,0.393285405936297,0.552961867455432,0.840531212148401,-0.175948930878841,-0.159676461519135
"223","Representative","7","MN",0.324108041056206,0.655542865210891,0.351351907485905,0.607103172970081,0.881105322776008,-0.331434824154684,-0.255751265484176
"224","Representative","8","MN",0.432527444394137,0.545332141765022,0.44964537068671,0.500381277758797,0.869704981831232,-0.112804697370885,-0.0507359070720874
"225","Representative","1","MO",0.783855648382354,0.200103092202737,0.77069435514606,0.20431793651394,0.404270280387437,0.583752556179617,0.56637641863212
"226","Representative","2","MO",0.452913592511746,0.530507617220432,0.436570937957028,0.537606321441824,0.841803099703131,-0.0775940247086863,-0.101035383484797
"227","Representative","3","MO",0.359891958108664,0.621158036368748,0.362545240571019,0.606783868965573,0.845516556532409,-0.261266078260084,-0.244238628394554
"228","Representative","4","MO",0.292111753506021,0.68824328051651,0.299322588180332,0.667881336136417,0.833155697433205,-0.396131527010489,-0.368558747956085
"229","Representative","5","MO",0.621538812655122,0.358442929278521,0.608411295115212,0.359028556374486,0.578701368922903,0.263095883376601,0.249382738740726
"230","Representative","6","MO",0.305788142141867,0.676809323693487,0.315874506099598,0.652965130343628,0.86231224751873,-0.37102118155162,-0.33709062424403
"231","Representative","7","MO",0.283836299166786,0.697751199323768,0.279018808925949,0.689845193537689,0.827891832875163,-0.413914900156982,-0.41082638461174
"232","Representative","8","MO",0.236344050833129,0.74934140554692,0.257038223849851,0.716372930495155,0.868376997104102,-0.512997354713791,-0.459334706645304
"233","Representative","1","MS",0.334207293320948,0.651101189584395,0.350124679642585,0.638654152524763,0.646567223048443,-0.316893896263446,-0.288529472882178
"234","Representative","2","MS",0.624581099447066,0.363763189554563,0.637902263623355,0.354598792132874,0.31768467376901,0.260817909892503,0.283303471490482
"235","Representative","3","MS",0.372126191049051,0.615394426745592,0.383373789850345,0.606855859981278,0.592770693754052,-0.243268235696541,-0.223482070130933
"236","Representative","4","MS",0.302604499796187,0.68246908834222,0.316930653403817,0.66983906743143,0.656989333005548,-0.379864588546034,-0.352908414027614
"237","Representative","1","MT",0.452992586836977,0.521751490055243,0.469722067589035,0.507681497875114,0.8481937311847,-0.0687589032182666,-0.037959430286079
"238","Representative","2","MT",0.353151640357998,0.621569740908093,0.379396175258076,0.598161338474474,0.814409541922072,-0.268418100550096,-0.218765163216398
"239","Representative","1","NC",0.531121273298259,0.458223724458583,0.54090221122965,0.443796374912326,0.474040795526171,0.0728975488396754,0.0971058363173244
"240","Representative","2","NC",0.633686953017043,0.347163845386151,0.615397753633902,0.359043841357405,0.569894765922237,0.286523107630892,0.256353912276498
"241","Representative","3","NC",0.365931612762714,0.619111401502777,0.368267147598414,0.610137019452383,0.643739187576274,-0.253179788740063,-0.241869871853969
"242","Representative","4","NC",0.667741911581277,0.31784354939499,0.663728402985538,0.316452551268647,0.525532742365926,0.349898362186287,0.347275851716891
"243","Representative","5","NC",0.386885562195749,0.599430581390747,0.388359568642209,0.588455598956644,0.726694114018265,-0.212545019194997,-0.200096030314434
"244","Representative","6","NC",0.554968298301768,0.431183869849748,0.552394381185485,0.426468553793764,0.513471106521652,0.123784428452019,0.125925827391721
"245","Representative","7","NC",0.429717794054287,0.556911205984881,0.435335097279533,0.542681198223454,0.614493523283057,-0.127193411930594,-0.107346100943921
"246","Representative","8","NC",0.323411120568097,0.663501822939824,0.325380495177736,0.652696926026168,0.696128721648019,-0.340090702371727,-0.327316430848432
"247","Representative","9","NC",0.452654192187745,0.532302393933275,0.45724671334667,0.520377846051253,0.556008539947859,-0.0796482017455297,-0.0631311327045822
"248","Representative","10","NC",0.296455353973724,0.691144300649218,0.302445336927079,0.674690079600044,0.757145922458997,-0.394688946675494,-0.372244742672965
"249","Representative","11","NC",0.441463347431358,0.542812992225421,0.43904395056928,0.53626742165571,0.821938897985841,-0.101349644794063,-0.0972234710864308
"250","Representative","12","NC",0.642451440419031,0.34141750327368,0.627576140727059,0.346949418201523,0.406148287917862,0.301033937145351,0.280626722525536
"251","Representative","13","NC",0.499736649118342,0.482796509151758,0.494597793613777,0.481547991473479,0.589083642898333,0.0169401399665834,0.0130498021402976
"252","Representative","14","NC",0.573278810712572,0.4096598972851,0.549116061204802,0.42529084305543,0.570742324698158,0.163618913427472,0.123825218149372
"253","Representative","1","NE",0.432796880583657,0.543412193679577,0.403806245692659,0.567544882975078,0.778765474395172,-0.110615313095919,-0.163738637282419
"254","Representative","2","NE",0.521560601174378,0.458393866922957,0.47134392349561,0.501208025491089,0.678045475470561,0.0631667342514217,-0.0298641019954792
"255","Representative","3","NE",0.230773287994242,0.749115763607933,0.228461613021078,0.752137994795744,0.813928590546545,-0.518342475613691,-0.523676381774666
"256","Representative","1","NH",0.52160476986493,0.462328682185924,0.440742565871537,0.53121486979688,0.872702406049097,0.0592760876790063,-0.090472303925343
"257","Representative","2","NH",0.53571704918442,0.447414729117526,0.463046601546077,0.508211436427464,0.870489934883451,0.0883023200668938,-0.0451648348813875
"258","Representative","1","NJ",0.615488033081429,0.371042815499961,0.596585621874688,0.385833743870122,0.595294553634366,0.244445217581467,0.210751878004566
"259","Representative","2","NJ",0.468270662763517,0.518498928746402,0.439165137758542,0.542522463188597,0.635847743936251,-0.0502282659828843,-0.103357325430054
"260","Representative","3","NJ",0.564004658268768,0.42286955712395,0.534032685256937,0.449318189704028,0.632764541967857,0.141135101144817,0.0847144955529083
"261","Representative","4","NJ",0.381178999794811,0.605929041765375,0.360077668751668,0.623469599501971,0.804638995871762,-0.224750041970565,-0.263391930750304
"262","Representative","5","NJ",0.555689915884782,0.431704362060753,0.530537137837084,0.452788973508165,0.591983114723144,0.123985553824029,0.077748164328919
"263","Representative","6","NJ",0.591918708190539,0.395037488214783,0.573576894327613,0.407003984002343,0.41770918414822,0.196881219975756,0.16657291032527
"264","Representative","7","NJ",0.510159029719599,0.473567910105356,0.465483138649198,0.514937508963047,0.707824159815264,0.0365911196142426,-0.0494543703138487
"265","Representative","8","NJ",0.718505234182758,0.270993034991867,0.742718935805704,0.238771876784575,0.248774544710668,0.447512199190891,0.503947059021129
"266","Representative","9","NJ",0.589785675055319,0.399604430630911,0.588854738320077,0.393110622158677,0.382533740900966,0.190181244424408,0.1957441161614
"267","Representative","10","NJ",0.808561163387511,0.183397775876818,0.806560842769098,0.179930485882184,0.188068816448103,0.625163387510693,0.626630356886914
"268","Representative","11","NJ",0.577839104447557,0.409618676259256,0.547327344204924,0.437051865543005,0.616457789911065,0.1682204281883,0.110275478661919
"269","Representative","12","NJ",0.665274621158716,0.321852952621576,0.638846311608126,0.343130905348906,0.398460815597344,0.34342166853714,0.29571540625922
"270","Representative","1","NM",0.560126309106452,0.41550572372946,0.543847855922472,0.415847407780859,0.455269809246393,0.144620585376992,0.128000448141613
"271","Representative","2","NM",0.518870559812767,0.46004303348307,0.523411712145463,0.441801454800973,0.294344658749926,0.0588275263296969,0.0816102573444895
"272","Representative","3","NM",0.543475941534194,0.436119705537181,0.552327271491726,0.416466262208312,0.345467270388358,0.107356235997013,0.135861009283414
"273","Representative","1","NV",0.532312474175306,0.447055522321786,0.526231393317709,0.423008821387787,0.396430149995218,0.0852569518535192,0.103222571929922
"274","Representative","2","NV",0.430535653869883,0.540708898043664,0.40465473302834,0.537937916423593,0.628154516816586,-0.110173244173781,-0.133283183395253
"275","Representative","3","NV",0.523804933136853,0.457396262274311,0.517368549803927,0.436863875936812,0.439316960295318,0.0664086708625414,0.0805046738671155
"276","Representative","4","NV",0.530374031381806,0.447714393294583,0.52613361024576,0.420610196311131,0.37303184516925,0.0826596380872223,0.105523413934629
"277","Representative","1","NY",0.493800436192325,0.491670681777449,0.511178004280255,0.470760840051036,0.715768027378113,0.00212975441487612,0.0404171642292185
"278","Representative","2","NY",0.485630824640459,0.500601654758052,0.521035666736739,0.461667017027538,0.558127652126012,-0.0149708301175924,0.0593686497092005
"279","Representative","3","NY",0.534444756141546,0.45296657716507,0.563816927399806,0.420426560701633,0.557289783016355,0.0814781789764757,0.143390366698173
"280","Representative","4","NY",0.565954467442983,0.420939819881758,0.596268609439341,0.388970541653469,0.506840023630226,0.145014647561225,0.207298067785873
"281","Representative","5","NY",0.808002451255147,0.184311219723636,0.857879557652272,0.132021506197834,0.127818155375168,0.623691231531511,0.725858051454438
"282","Representative","6","NY",0.645450963313217,0.343196665214957,0.713830634457128,0.265129992262029,0.242199515812044,0.30225429809826,0.448700642195099
"283","Representative","7","NY",0.80500054210616,0.182074098167681,0.857377992345599,0.11517622633014,0.362288939999048,0.622926443938479,0.742201766015459
"284","Representative","8","NY",0.760494241786393,0.23033635465441,0.821373080486024,0.163339427417497,0.275702341911935,0.530157887131984,0.658033653068527
"285","Representative","9","NY",0.752524053618985,0.238269919808906,0.81939649122807,0.162516959064327,0.32434244734688,0.514254133810078,0.656879532163743
"286","Representative","10","NY",0.847890302673092,0.138262316679957,0.862774326443861,0.108510211352682,0.485996259834666,0.709627985993135,0.754264115091179
"287","Representative","11","NY",0.455788643693253,0.531960974751355,0.52003389420167,0.462723103202464,0.514401438406324,-0.0761723310581013,0.0573107909992064
"288","Representative","12","NY",0.847909797387829,0.137497232870009,0.838934126858562,0.137367834625393,0.651925232730694,0.71041256451782,0.70156629223317
"289","Representative","13","NY",0.878633004926108,0.110496957403651,0.91935935849626,0.0604298247504904,0.154157619782463,0.768136047522457,0.85892953374577
"290","Representative","14","NY",0.777010044863052,0.212889334946001,0.836218338982679,0.146893956845581,0.176984498797897,0.56412070991705,0.689324382137098
"291","Representative","15","NY",0.844714314154888,0.146683395913681,0.901531977256074,0.086249694683806,0.0928631827957543,0.698030918241207,0.815282282572268
"292","Representative","16","NY",0.713368352459242,0.276541978590812,0.726553955864507,0.257093739232048,0.396165365245292,0.436826373868431,0.469460216632459
"293","Representative","17","NY",0.543694814608092,0.443294546901608,0.566443129688899,0.413217038461415,0.644116704484466,0.100400267706484,0.153226091227484
"294","Representative","18","NY",0.533298941485121,0.449803994052233,0.536769257308695,0.436394140190298,0.628270553212411,0.0834949474328876,0.100375117118397
"295","Representative","19","NY",0.512056561187743,0.46585187086395,0.519987602626219,0.445701400397222,0.802100721905966,0.0462046903237927,0.0742862022289971
"296","Representative","20","NY",0.584103908730774,0.392928807107912,0.570500749152275,0.39465026417475,0.72375545548032,0.191175101622863,0.175850484977525
"297","Representative","21","NY",0.427782863470172,0.551398078156433,0.446235668983507,0.521096540282278,0.870412151804894,-0.123615214686262,-0.0748608712987711
"298","Representative","22","NY",0.526027213260084,0.451546696396191,0.534310728363102,0.431323255844207,0.758714289207705,0.0744805168638934,0.102987472518895
"299","Representative","23","NY",0.403822378551297,0.575779662239646,0.419774177351605,0.553654310102012,0.879878399579907,-0.171957283688349,-0.133880132750407
"300","Representative","24","NY",0.402098488864264,0.573890621795196,0.415157281693798,0.551713484715526,0.872286095620042,-0.171792132930932,-0.136556203021728
"301","Representative","25","NY",0.585588891084079,0.389332915962139,0.579512442362133,0.387273929759064,0.671286315705477,0.19625597512194,0.192238512603068
"302","Representative","26","NY",0.607747598896251,0.373934325808283,0.613764191411111,0.361193573280867,0.647623913891252,0.233813273087968,0.252570618130245
"303","Representative","1","OH",0.534638364016127,0.450055860494487,0.499227417586475,0.479225486130441,0.674365330587443,0.0845825035216398,0.0200019314560338
"304","Representative","2","OH",0.266499381273202,0.720086939047478,0.289536337027172,0.689762529760088,0.915392135301394,-0.453587557774276,-0.400226192732916
"305","Representative","3","OH",0.711359696669757,0.27371993275621,0.674135490637425,0.305687866066035,0.550875252660082,0.437639763913547,0.368447624571389
"306","Representative","4","OH",0.313728181262399,0.670538621816866,0.31068625343944,0.666823062183867,0.85093372996199,-0.356810440554467,-0.356136808744427
"307","Representative","5","OH",0.358250158198728,0.626204768399584,0.372920432891972,0.602185835735574,0.838816216010068,-0.267954610200856,-0.229265402843602
"308","Representative","6","OH",0.349561425492457,0.63679013583279,0.390499621724341,0.586768096171374,0.855595387920623,-0.287228710340334,-0.196268474447033
"309","Representative","7","OH",0.447878414363292,0.540149074967731,0.441487739715489,0.535977955267097,0.86391314849421,-0.0922706606044397,-0.0944902155516079
"310","Representative","8","OH",0.382605268212854,0.602850891963967,0.363593634990408,0.615152222816721,0.744719556487239,-0.220245623751113,-0.251558587826313
"311","Representative","9","OH",0.476880101485117,0.506062198075371,0.487798840859696,0.486328785317556,0.744738949696808,-0.0291820965902539,0.00147005554213958
"312","Representative","10","OH",0.473931290110126,0.509131196168829,0.454052901781749,0.523126025142262,0.707460940976062,-0.0351999060587031,-0.0690731233605125
"313","Representative","11","OH",0.78274820107754,0.206766571151952,0.781519249990511,0.200666759447868,0.40747746717008,0.575981629925588,0.580852490542644
"314","Representative","12","OH",0.338095140181151,0.646665878458264,0.350103608564975,0.627351416605995,0.881223701104712,-0.308570738277114,-0.27724780804102
"315","Representative","13","OH",0.507034556102893,0.478844634166156,0.506800221354891,0.46978476457619,0.756560263402108,0.028189921936737,0.0370154567787007
"316","Representative","14","OH",0.418555532410659,0.567996744643437,0.434389864750782,0.54102889547442,0.859268016729593,-0.149441212232777,-0.106639030723639
"317","Representative","15","OH",0.457966186257232,0.52554538943743,0.44382257012394,0.533900848010437,0.731567573064846,-0.0675792031801978,-0.090078277886497
"318","Representative","1","OK",0.380411779027737,0.593948796064501,0.364936206108748,0.595764647991283,0.573060511118604,-0.213537017036764,-0.230828441882535
"319","Representative","2","OK",0.22393839206014,0.757704880301819,0.262006787322377,0.705281407158625,0.604781586899886,-0.533766488241679,-0.443274619836248
"320","Representative","3","OK",0.274630096144543,0.702629193109701,0.273976393584638,0.68908594323391,0.601138316720779,-0.427999096965158,-0.415109549649273
"321","Representative","4","OK",0.333367514684629,0.642448111106482,0.329407174032431,0.628555221551002,0.639977521562883,-0.309080596421853,-0.299148047518571
"322","Representative","5","OK",0.39472559933597,0.579274693618476,0.378714873084373,0.580532807774644,0.620917574854458,-0.184549094282506,-0.201817934690272
"323","Representative","1","OR",0.678371326280871,0.288527276037137,0.653801051022253,0.298127558373381,0.655144581844751,0.389844050243735,0.355673492648872
"324","Representative","2","OR",0.36412143852129,0.607289669121216,0.358168413986905,0.596337738135193,0.754204491871386,-0.243168230599926,-0.238169324148288
"325","Representative","3","OR",0.720046272071573,0.250297536602132,0.705390675348341,0.249811106913487,0.6446122889966,0.469748735469441,0.455579568434854
"326","Representative","4","OR",0.546729985307411,0.420390778999588,0.533988193574863,0.415545126429766,0.790469663328651,0.126339206307823,0.118443067145097
"327","Representative","5","OR",0.528044954343245,0.440283306017326,0.506277892876029,0.446217042659017,0.787877243139071,0.087761648325919,0.060060850217012
"328","Representative","6","OR",0.54790053990763,0.417203321841324,0.52418226987602,0.42486855537787,0.666924379648038,0.130697218066307,0.09931371449815
"329","Representative","1","PA",0.517937378421099,0.471538473086962,0.518480212026434,0.462283759391767,0.79857909751512,0.0463989053341369,0.0561964526346671
"330","Representative","2","PA",0.710025631072944,0.282641123276158,0.743420930895257,0.242231128776188,0.374221594660496,0.427384507796786,0.501189802119069
"331","Representative","3","PA",0.901415018248543,0.092475248522977,0.903356060289176,0.0829798803697662,0.322223297213622,0.808939769725566,0.82037617991941
"332","Representative","4","PA",0.589163169749864,0.399867784804446,0.584120051799,0.396803189193307,0.761329123440084,0.189295384945417,0.187316862605693
"333","Representative","5","PA",0.657074260641551,0.334302567677859,0.647623502943411,0.337044257981823,0.581052105859066,0.322771692963692,0.310579244961588
"334","Representative","6","PA",0.56755504279363,0.42041302007656,0.550820841658794,0.426129824238725,0.692323079658606,0.14714202271707,0.124691017420069
"335","Representative","7","PA",0.497148651000431,0.490936468261875,0.503684992660158,0.474183951216424,0.685762847038366,0.00621218273855617,0.0295010414437334
"336","Representative","8","PA",0.480369714847591,0.509451327433628,0.50064303001943,0.477757359207415,0.746313733385979,-0.0290816125860374,0.0228856708120152
"337","Representative","9","PA",0.310104889863059,0.675363547541628,0.331601142452611,0.642553308352354,0.87562886996904,-0.365258657678569,-0.310952165899743
"338","Representative","10","PA",0.472089857045609,0.513416990349578,0.468610646599777,0.506549609810479,0.712275646389424,-0.0413271333039683,-0.0379389632107023
"339","Representative","11","PA",0.386183203030547,0.59873206657532,0.385191038667712,0.587802893149263,0.818065695339302,-0.212548863544773,-0.202611854481551
"340","Representative","12","PA",0.594215143411096,0.394712770488713,0.614278311813289,0.362097226187832,0.72875439293783,0.199502372922384,0.252181085625456
"341","Representative","13","PA",0.267903866290475,0.720073172377428,0.29057697093223,0.687189681119577,0.896288751987281,-0.452169306086952,-0.396612710187347
"342","Representative","14","PA",0.33706823537406,0.652129913434727,0.381860581802424,0.59601108412302,0.903845902419509,-0.315061678060666,-0.214150502320596
"343","Representative","15","PA",0.308104846819065,0.678232372976625,0.335301758352777,0.63928811969307,0.904490210024266,-0.370127526157559,-0.303986361340293
"344","Representative","16","PA",0.390290980442298,0.596674649736657,0.414515566283253,0.560863795736503,0.870158786191027,-0.206383669294359,-0.14634822945325
"345","Representative","17","PA",0.523041109634493,0.464707849643118,0.537834521001783,0.43762089219068,0.81902272822358,0.058333259991375,0.100213628811103
"346","Representative","1","RI",0.634864966942114,0.34541236236257,0.649096139768451,0.331180730082203,0.638952849776857,0.289452604579544,0.317915409686248
"347","Representative","2","RI",0.558208340558349,0.421572452459395,0.569322094938271,0.41000449158132,0.735214390652848,0.136635888098954,0.159317603356951
"348","Representative","1","SC",0.448492475431579,0.534863137447391,0.422926826121733,0.55618984957556,0.682173076423374,-0.0863706620158115,-0.133263023453828
"349","Representative","2","SC",0.439255192586852,0.545158860959824,0.417366613117678,0.561288910208326,0.6110040576967,-0.105903668372971,-0.143922297090648
"350","Representative","3","SC",0.30561097221066,0.680289117061983,0.30113681232468,0.680308872354963,0.717251273242488,-0.374678144851322,-0.379172060030283
"351","Representative","4","SC",0.398114398172027,0.583562646412199,0.378233797211186,0.599692134878206,0.640888178948693,-0.185448248240172,-0.22145833766702
"352","Representative","5","SC",0.402446165211919,0.584162858784579,0.397638147200307,0.583557081420025,0.641298461168156,-0.18171669357266,-0.185918934219718
"353","Representative","6","SC",0.653416455590834,0.332272008371684,0.648500333106683,0.335084718988455,0.415836073106821,0.32114444721915,0.313415614118229
"354","Representative","7","SC",0.401774290788365,0.588353079502086,0.400489072596922,0.586039746322781,0.638562752067483,-0.186578788713721,-0.185550673725859
"355","Representative","1","TN",0.220419509729593,0.76279415481128,0.22327631607425,0.759384040457966,0.878747862596712,-0.542374645081687,-0.536107724383716
"356","Representative","2","TN",0.344410698045204,0.636588706870418,0.345851368652076,0.633989717328131,0.821244714281435,-0.292178008825214,-0.288138348676055
"357","Representative","3","TN",0.331366776292169,0.650471772630007,0.337212486308872,0.644153888280394,0.778081214162275,-0.319104996337838,-0.306941401971522
"358","Representative","4","TN",0.302081792634226,0.679448306463541,0.311875386631113,0.669151351912119,0.758586066427738,-0.377366513829315,-0.357275965281006
"359","Representative","5","TN",0.432171190780348,0.545163465703179,0.426748463830797,0.545712571534059,0.691814119819605,-0.112992274922831,-0.118964107703262
"360","Representative","6","TN",0.344931091336294,0.636358152707803,0.363922468916212,0.614274929938677,0.777015931061337,-0.291427061371509,-0.250352461022464
"361","Representative","7","TN",0.412897414674522,0.564143215346414,0.421080647458822,0.55141584759677,0.694383561822233,-0.151245800671892,-0.130335200137949
"362","Representative","8","TN",0.306488876053804,0.679188279592585,0.303889103064691,0.67912840333587,0.728520806229171,-0.372699403538781,-0.37523930027118
"363","Representative","9","TN",0.733058772938787,0.250908112001063,0.723046057581227,0.254210879012001,0.253205290992888,0.482150660937724,0.468835178569226
"364","Representative","1","TX",0.264811952601752,0.723537818012316,0.256402215950664,0.729623742534503,0.599864143720819,-0.458725865410564,-0.473221526583839
"365","Representative","2","TX",0.379124866462558,0.606784792148777,0.352816564542949,0.626435996142837,0.493501193631704,-0.227659925686219,-0.273619431599888
"366","Representative","3","TX",0.418996965086108,0.562757781953956,0.387063498257556,0.589159860333015,0.559697882754206,-0.143760816867848,-0.20209636207546
"367","Representative","4","TX",0.363101483383668,0.622154529276394,0.339391850843941,0.641263762225688,0.595066148448409,-0.259053045892726,-0.301871911381747
"368","Representative","5","TX",0.381659095861479,0.605906904239092,0.368054413033446,0.614570333661042,0.479150233315558,-0.224247808377613,-0.246515920627596
"369","Representative","6","TX",0.373549308452017,0.612765022520048,0.355608122270369,0.625703127339302,0.449229256819216,-0.239215714068031,-0.270095005068933
"370","Representative","7","TX",0.64172379389141,0.344429782684103,0.631310335810325,0.348004968510972,0.274369709004194,0.297294011207307,0.283305367299353
"371","Representative","8","TX",0.357639377840364,0.629469372079626,0.344721919346274,0.636867726755003,0.450576085383455,-0.271829994239263,-0.292145807408728
"372","Representative","9","TX",0.761425828039,0.227367453383245,0.761985654083266,0.221199662119593,0.124182026553253,0.534058374655755,0.540785991963673
"373","Representative","10","TX",0.396776412083164,0.584533949365452,0.376243291086464,0.599419120271077,0.56029893596632,-0.187757537282287,-0.223175829184613
"374","Representative","11","TX",0.290930647001365,0.693962463929133,0.280955750285745,0.700588726210563,0.436669721911845,-0.403031816927769,-0.419632975924817
"375","Representative","12","TX",0.400983260573282,0.582249623893601,0.382124931017265,0.594903349088302,0.548987140590388,-0.18126636332032,-0.212778418071036
"376","Representative","13","TX",0.264443494751462,0.7190863805123,0.252012675404414,0.728131564684519,0.581163696385988,-0.454642885760838,-0.476118889280105
"377","Representative","14","TX",0.350040551500406,0.635033315840529,0.346905296816455,0.634750389276798,0.527340098332827,-0.284992764340124,-0.287845092460343
"378","Representative","15","TX",0.480535370829244,0.509297688891627,0.51148312270912,0.470457902511078,0.152761389697609,-0.0287623180623836,0.0410252201980415
"379","Representative","16","TX",0.669437895012608,0.315248714674002,0.67985832027791,0.290020142652797,0.117337213456308,0.354189180338606,0.389838177625113
"380","Representative","17","TX",0.37931547373118,0.6045679155167,0.363779309799893,0.615953222843372,0.529933362625442,-0.22525244178552,-0.252173913043478
"381","Representative","18","TX",0.735993226445087,0.25051361974292,0.735814185814186,0.244290709290709,0.166841158976619,0.485479606702167,0.491523476523476
"382","Representative","19","TX",0.261495136054665,0.723487745430893,0.252497435526366,0.727774207141367,0.501869001691033,-0.461992609376228,-0.475276771615001
"383","Representative","20","TX",0.657095695731566,0.32629107086356,0.647752221395121,0.325887851347913,0.176180300317998,0.330804624868005,0.321864370047208
"384","Representative","21","TX",0.393885651752373,0.590800879306538,0.367219720516949,0.609716757215961,0.588614930891919,-0.196915227554165,-0.242497036699012
"385","Representative","22","TX",0.412265336146365,0.572626056752022,0.387350871826247,0.593592040670658,0.423046283704939,-0.160360720605657,-0.206241168844411
"386","Representative","23","TX",0.457500467663214,0.52935394452664,0.453898317942926,0.525386797263865,0.284225156358582,-0.0718534768634253,-0.0714884793209395
"387","Representative","24","TX",0.430202760074066,0.553649067528721,0.39106141958755,0.586306278695578,0.616013048461056,-0.123446307454655,-0.195244859108028
"388","Representative","25","TX",0.337224660346887,0.648813990766478,0.32227933024218,0.658054415166253,0.583786948149056,-0.311589330419591,-0.335775084924073
"389","Representative","26","TX",0.399889999640702,0.585121760447961,0.367686740652589,0.609681593003625,0.565838795181665,-0.185231760807259,-0.241994852351036
"390","Representative","27","TX",0.380746617799157,0.604707662619826,0.374107120686658,0.607865614938295,0.378861701697682,-0.223961044820669,-0.233758494251637
"391","Representative","28","TX",0.52834925447356,0.457991449906559,0.551980310145409,0.42697087290682,0.172314524235743,0.0703578045670011,0.125009437238588
"392","Representative","29","TX",0.677737973973653,0.310462042049603,0.710395231379524,0.27208370096081,0.0833338765846097,0.36727593192405,0.438311530418713
"393","Representative","30","TX",0.777560217782726,0.210158182423459,0.768747592167635,0.212823068290313,0.177278102497174,0.567402035359266,0.555924523877322
"394","Representative","31","TX",0.388510931273302,0.590478385427303,0.363768724114653,0.609983761790947,0.590899193858566,-0.201967454154001,-0.246215037676294
"395","Representative","32","TX",0.656235994743519,0.326691834982947,0.62987243719575,0.344979213303486,0.322197116769906,0.329544159760572,0.284893223892265
"396","Representative","33","TX",0.742318536244784,0.243456432176606,0.747852564102564,0.232846153846154,0.132351656546982,0.498862104068178,0.51500641025641
"397","Representative","34","TX",0.572264124162437,0.417124705721124,0.609182886993969,0.371493411957572,0.0791825676315244,0.155139418441313,0.237689475036396
"398","Representative","35","TX",0.715544978581628,0.264232270347454,0.713585208616769,0.258007912966978,0.261828427339707,0.451312708234174,0.455577295649791
"399","Representative","36","TX",0.335693372196838,0.651630035187228,0.329406664433366,0.65391057599464,0.49333430683962,-0.315936662990389,-0.324503911561275
"400","Representative","37","TX",0.752078660300512,0.225813075221641,0.731523178417338,0.236983429031488,0.52471293516057,0.526265585078871,0.494539749385851
"401","Representative","38","TX",0.40244165070131,0.583702750702709,0.371366013462778,0.608007894264697,0.501194935507381,-0.181261100001398,-0.236641880801919
"402","Representative","1","UT",0.376202587636846,0.569638183704312,NA,NA,0.787137610281891,-0.193435596067466,NA
"403","Representative","2","UT",0.390756038785775,0.559948474850105,NA,NA,0.707532913398149,-0.16919243606433,NA
"404","Representative","3","UT",0.375803843310787,0.567976951235818,NA,NA,0.777770985347914,-0.192173107925031,NA
"405","Representative","4","UT",0.344099996702681,0.600120352153699,NA,NA,0.741793657935406,-0.256020355451018,NA
"406","Representative","1","VA",0.457370930910873,0.523987864567182,0.441430833168415,0.541317039382545,0.707589103558022,-0.0666169336563087,-0.0998862062141302
"407","Representative","2","VA",0.500127430772923,0.479656852435165,0.482707234506914,0.500610160343098,0.58684326452247,0.0204705783377583,-0.0179029258361837
"408","Representative","3","VA",0.680002008275275,0.299389543383176,0.672206183663396,0.311398976609745,0.38961911884113,0.3806124648921,0.360807207053652
"409","Representative","4","VA",0.670530813017406,0.313376183775149,0.657411992065707,0.327904764476934,0.421355570993671,0.357154629242257,0.329507227588773
"410","Representative","5","VA",0.449980818840263,0.53238629707137,0.438654467828808,0.546850306614396,0.68226153733005,-0.0824054782311066,-0.108195838785588
"411","Representative","6","VA",0.379777708705156,0.600763029658893,0.372851764314643,0.611438055987743,0.781166526213642,-0.220985320953737,-0.2385862916731
"412","Representative","7","VA",0.524018786845111,0.456723160369386,0.511250864372886,0.472081534503274,0.507588479088617,0.0672956264757251,0.0391693298696121
"413","Representative","8","VA",0.767359410115906,0.211201737329865,0.749547583642032,0.228897746570581,0.494350797673235,0.556157672786041,0.520649837071451
"414","Representative","9","VA",0.283271747824159,0.702219320823543,0.291145745651731,0.696857196019883,0.859058840883427,-0.418947572999385,-0.405711450368152
"415","Representative","10","VA",0.580078967129327,0.400104159096965,0.551952084409442,0.429925770299995,0.527262758598706,0.179974808032362,0.122026314109447
"416","Representative","11","VA",0.694481625699684,0.284499784712732,0.672199305608463,0.306890040161517,0.487800463226755,0.409981840986952,0.365309265446947
"417","Representative","1","WA",0.634748309921872,0.330769542160871,0.610997323369526,0.370254836931216,0.597176797304771,0.303978767761001,0.24074248643831
"418","Representative","2","WA",0.597200120766641,0.369561812316835,0.583336116813677,0.399618706015658,0.690281561035229,0.227638308449806,0.18371741079802
"419","Representative","3","WA",0.46329323148487,0.505028275935349,0.464523477760821,0.520030190431955,0.752467152297909,-0.0417350444504788,-0.0555067126711344
"420","Representative","4","WA",0.400374788835108,0.568882064600302,0.397161041493014,0.589597784778831,0.51092869872904,-0.168507275765194,-0.192436743285817
"421","Representative","5","WA",0.432496101634922,0.531466741923449,0.437020864053704,0.547182415863524,0.787216194695633,-0.0989706402885269,-0.11016155180982
"422","Representative","6","WA",0.567320080163189,0.396300057259421,0.557812158181513,0.424241576320596,0.720667082213641,0.171020022903768,0.133570581860917
"423","Representative","7","WA",0.862993386007558,0.111768210221467,0.849974877706572,0.137499525994464,0.625367206166855,0.751225175786091,0.712475351712108
"424","Representative","8","WA",0.516687169673774,0.449956715873884,0.499312936571554,0.483817574249696,0.691332173795572,0.0667304537998906,0.015495362321858
"425","Representative","9","WA",0.710021732936293,0.262879139174595,0.704295315708255,0.281762125212024,0.406110259898704,0.447142593761698,0.422533190496231
"426","Representative","10","WA",0.568965879044781,0.393251353506526,0.559449345825025,0.421160610502612,0.600554812052545,0.175714525538255,0.138288735322414
"427","Representative","1","WI",0.481357194233672,0.501380291963408,0.482739214786073,0.493651052234054,0.741978919935117,-0.0200230977297364,-0.0109118374479807
"428","Representative","2","WI",0.699776461610152,0.28343902444515,0.696735929340303,0.281935158674721,0.793241619893717,0.416337437165002,0.414800770665582
"429","Representative","3","WI",0.466941804761268,0.513600920266292,0.488851502065833,0.485238846399445,0.891447993528035,-0.0466591155050239,0.00361265566638774
"430","Representative","4","WI",0.755584924842059,0.227367656669813,0.736399225884793,0.241737079106479,0.410227035185974,0.528217268172246,0.494662146778315
"431","Representative","5","WI",0.37778927416083,0.606190444502165,0.347720831218981,0.631993762144634,0.858980745607189,-0.228401170341335,-0.284272930925653
"432","Representative","6","WI",0.412783365482319,0.569041848130274,0.410371768977138,0.56586146135939,0.861130642284523,-0.156258482647955,-0.155489692382252
"433","Representative","7","WI",0.391922390669865,0.591220503609874,0.408085709196095,0.569932788744023,0.895287865728267,-0.199298112940009,-0.161847079547929
"434","Representative","8","WI",0.414206130158646,0.568901887898886,0.416173276094295,0.561642775673027,0.837816303205857,-0.15469575774024,-0.145469499578731
"435","Representative","1","WV",0.287707348386045,0.696738975383111,0.328970572026893,0.649189904111099,0.898782122318978,-0.409031626997066,-0.320219332084206
"436","Representative","2","WV",0.306004337488435,0.676138342004994,0.322449200172936,0.645109165585819,0.883936817174642,-0.370134004516559,-0.322659965412884
"437","Senator","N/A","AK",0.430065246148296,0.531228937631618,0.417604374155294,0.527586302441067,0.575079323307758,-0.101163691483322,-0.109981928285773
"438","Senator","N/A","AL",0.365699902121223,0.620316431668648,0.39617942063804,0.593765351567537,0.63120519381985,-0.254616529547425,-0.197585930929496
"439","Senator","N/A","AR",0.34775061953015,0.623957298561443,0.342214756985615,0.62970780909782,0.685217849832842,-0.276206679031294,-0.287493052112205
"440","Senator","N/A","AZ",0.493943214385516,0.490854265537941,0.47897979283012,0.50106373751211,0.53367068903847,0.00308894884757421,-0.0220839446819895
"441","Senator","N/A","CA",0.634991992940528,0.343282128540452,0.629978172970265,0.350655274205001,0.346869079068121,0.291709864400076,0.279322898765264
"442","Senator","N/A","CO",0.553995419069199,0.418979238435606,0.52175696808216,0.435989172931482,0.651342099729914,0.135016180633593,0.0857677951506783
"443","Senator","N/A","CT",0.592615704856311,0.391860835576573,0.567429733385332,0.409502182768196,0.632076371679649,0.200754869279738,0.157927550617136
"444","Senator","N/A","DE",0.587821670204956,0.398013928295074,0.586973399256323,0.392182768311563,0.585738846888928,0.189807741909883,0.19479063094476
"445","Senator","N/A","FL",0.477601642597904,0.511119292121957,0.475263941384482,0.507396556781016,0.515387065772992,-0.0335176495240527,-0.0321326153965347
"446","Senator","N/A","GA",0.49505169769542,0.492516928139383,0.471841354581189,0.510627434533236,0.500578981820979,0.00253476955603721,-0.0387860799520469
"447","Senator","N/A","HI",0.63733639239019,0.342688639421797,0.659262918867264,0.306348620959194,0.21601818492913,0.294647752968393,0.35291429790807
"448","Senator","N/A","IA",0.448917155714422,0.530893249692023,0.438533209121858,0.53285199177872,0.826926603160951,-0.0819760939776009,-0.0943187826568622
"449","Senator","N/A","ID",0.330943488903827,0.638915184352015,0.323763005991833,0.632203075000633,0.788710928026987,-0.307971695448188,-0.308440069008801
"450","Senator","N/A","IL",0.575445541994465,0.405555008603718,0.554881810261204,0.399038650384551,0.583238738270446,0.169890533390747,0.155843159876653
"451","Senator","N/A","IN",0.40989543608326,0.570673344646576,0.420845852135893,0.547212934602165,0.754694992047782,-0.160777908563315,-0.126367082466272
"452","Senator","N/A","KS",0.415595772046098,0.562124761804131,0.399592191217007,0.554979924228121,0.722485261481068,-0.146528989758033,-0.155387733011114
"453","Senator","N/A","KY",0.361740646874924,0.62125299002171,0.396747624933413,0.584173391244526,0.813337192032733,-0.259512343146786,-0.187425766311113
"454","Senator","N/A","LA",0.398514568015262,0.584608824140085,0.38285294866176,0.596873940164138,0.557500530834906,-0.186094256124823,-0.214020991502379
"455","Senator","N/A","MA",0.656000742462668,0.321417762207604,0.599945911795466,0.377396888698962,0.675526752307317,0.334582980255065,0.222549023096504
"456","Senator","N/A","MD",0.653607079025943,0.321502139591732,0.603323437049505,0.367505902704724,0.471697642824673,0.33210493943421,0.23581753434478
"457","Senator","N/A","ME",0.530981767677322,0.440298571217608,0.477533833614186,0.465565617747174,0.901571465377334,0.0906831964597147,0.011968215867012
"458","Senator","N/A","MI",0.506307455407959,0.478468667121206,0.504477553218537,0.468132334880706,0.723966593932461,0.0278387882867526,0.0363452183378311
"459","Senator","N/A","MN",0.523951342089886,0.452849032624235,0.516912850683014,0.431883443504404,0.762969346852901,0.0711023094656509,0.0850294071786104
"460","Senator","N/A","MO",0.41419800691336,0.568147702747329,0.415347648084272,0.555282232367141,0.757753521455137,-0.153949695833968,-0.13993458428287
"461","Senator","N/A","MS",0.410576064559786,0.576029545753825,0.427417735566346,0.562283692200073,0.553503064047663,-0.165453481194039,-0.134865956633727
"462","Senator","N/A","MT",0.405516533032934,0.569216751706315,0.426528960312301,0.55094822196205,0.831301620973506,-0.163700218673381,-0.124419261649749
"463","Senator","N/A","NC",0.485847757090783,0.499357053567647,0.483199789264046,0.4942793394026,0.604647322237664,-0.0135092964768635,-0.0110795501385543
"464","Senator","N/A","ND",0.317774512187037,0.65120268269507,0.290716216536647,0.669012164180874,0.816538184095886,-0.333428170508033,-0.378295947644227
"465","Senator","N/A","NE",0.393588606637302,0.585099273729868,0.366003230556787,0.608901355916658,0.756912552816614,-0.191510667092566,-0.242898125359871
"466","Senator","N/A","NH",0.528638411212279,0.454895482021763,0.451866879879791,0.519741725662635,0.871596169663216,0.073742929190516,-0.0678748457828442
"467","Senator","N/A","NJ",0.57334196752813,0.413965238573485,0.55068282166235,0.431948522489606,0.518504048985283,0.159376728954645,0.118734299172743
"468","Senator","N/A","NM",0.542892858495722,0.434966692461295,0.540829257243604,0.423374206463383,0.36502666796378,0.107926166034428,0.117455050780222
"469","Senator","N/A","NV",0.50056781957284,0.476662473245594,0.487670780231027,0.460262417564262,0.459300898598022,0.0239053463272462,0.0274083626667646
"470","Senator","N/A","NY",0.607591783975748,0.376726330889514,0.632488082028373,0.343928760602724,0.524665925359368,0.230865453086234,0.288559321425649
"471","Senator","N/A","OH",0.452532607704235,0.532876943709694,0.453450667146104,0.524149934505387,0.758860499236913,-0.0803443360054591,-0.0706992673592829
"472","Senator","N/A","OK",0.322861743359866,0.65373271848063,0.323358213572897,0.638263765075281,0.607975090879747,-0.330870975120763,-0.314905551502384
"473","Senator","N/A","OR",0.564630179010889,0.403576003775748,0.547451907051773,0.404668901318524,0.716538722229669,0.161054175235141,0.142783005733249
"474","Senator","N/A","PA",0.500187978374609,0.48833066964387,0.513701299071479,0.464594190646511,0.734725633906804,0.011857308730739,0.0491071084249677
"475","Senator","N/A","RI",0.593880913246948,0.386130945598032,0.606386942751052,0.373381167162769,0.687137260691156,0.207749967648916,0.233005775588282
"476","Senator","N/A","SC",0.434300881420618,0.551102939567402,0.423515524757735,0.557675533088815,0.621001968378945,-0.116802058146785,-0.13416000833108
"477","Senator","N/A","SD",0.356052521361353,0.617693896722502,0.366747796804084,0.621479338798374,0.795770001590225,-0.26164137536115,-0.25473154199429
"478","Senator","N/A","TN",0.374620085431032,0.606774213729561,0.378838003831191,0.59989572841993,0.709066625764741,-0.23215412829853,-0.221057724588739
"479","Senator","N/A","TX",0.464583586379121,0.520349121476554,0.452440836547567,0.526384291690417,0.397474567690627,-0.0557655350974324,-0.0739434551428504
"480","Senator","N/A","UT",0.371882421817438,0.57420788589468,NA,NA,0.75355879174084,-0.202325464077242,NA
"481","Senator","N/A","VA",0.541095171778024,0.439955036672821,0.527666312696961,0.455531003439381,0.586042484683527,0.101140135105203,0.0721353092575805
"482","Senator","N/A","VT",0.66086416930664,0.306737646559326,0.580605809229868,0.370335354323985,0.891341161322828,0.354126522747314,0.210270454905884
"483","Senator","N/A","WA",0.579700678275016,0.387672152804536,0.572311675854974,0.411572204854475,0.638369969894674,0.192028525470481,0.160739471000499
"484","Senator","N/A","WI",0.494509369989893,0.488209845077295,0.495344416386083,0.482103324915825,0.78626395087108,0.00629952491259839,0.0132410914702581
"485","Senator","N/A","WV",0.296965212445196,0.686315519246161,0.325678035470668,0.647129604365621,0.891352923205234,-0.389350306800964,-0.321451568894952
"486","Senator","N/A","WY",0.265535743320145,0.699362274854118,0.263994468370261,0.694501235653402,0.814185985635805,-0.433826531533973,-0.430506767283142
