DRA Office,ID,State,Asian 2010 Total,Asian 2010 VAP,Asian 2019 CVAP,Asian 2019 Total,Asian 2020 ACSTot,Asian 2020 CVAP,Asian 2020 Total,Asian 2020 TotalAdj,Asian 2020 VAP,AsianAlone 2019 CVAP,AsianAlone 2020 ACSTot,AsianAlone 2020 CVAP,AsianAlone 2020 NHVAP,Black 2010 Total,Black 2010 VAP,Black 2019 CVAP,Black 2019 Total,Black 2020 ACSTot,Black 2020 CVAP,Black 2020 Total,Black 2020 TotalAdj,Black 2020 VAP,BlackAlone 2010 Total,BlackAlone 2010 VAP,BlackAlone 2019 CVAP,BlackAlone 2019 Total,BlackAlone 2020 ACSTot,BlackAlone 2020 CVAP,BlackAlone 2020 NHVAP,Dem 2012 Pres,Dem 2012-2020 Comp,Dem 2014 AG,Dem 2014 Gov,Dem 2014 Sen,Dem 2016 AG,Dem 2016 Gov,Dem 2016 LtG,Dem 2016 Pres,Dem 2016 Sen,Dem 2016 SenRoff,Dem 2016-2020 Comp,Dem 2016-2021 Comp,Dem 2017 AG,Dem 2017 Gov,Dem 2017 LtG,Dem 2017 SenSp,Dem 2018 AG,Dem 2018 Gov,Dem 2018 LtG,Dem 2018 Sen,Dem 2018 SenRoff,Dem 2018 SenSp,Dem 2019 AG,Dem 2019 Gov,Dem 2019 GovRoff,Dem 2019 LtG,Dem 2020 AG,Dem 2020 Aud,Dem 2020 Gov,Dem 2020 LtG,Dem 2020 Pres,Dem 2020 Sen,Dem 2020 Sen,Dem 2020 SenSp,Dem 2020 SoS,Dem 2020 Tres,Dem 2021 AG,Dem 2021 Gov,Dem 2021 LtG,Dem 2021 SenRoff,Dem 2021 SenSpRoff,Dem_2018_AG,Dem_2018_Sen,Hispanic 2010 Total,Hispanic 2010 VAP,Hispanic 2019 CVAP,Hispanic 2019 Total,Hispanic 2020 ACSTot,Hispanic 2020 CVAP,Hispanic 2020 NHVAP,Hispanic 2020 Total,Hispanic 2020 TotalAdj,Hispanic 2020 VAP,Label,Native 2010 Total,Native 2010 VAP,Native 2019 CVAP,Native 2019 Total,Native 2020 ACSTot,Native 2020 CVAP,Native 2020 Total,Native 2020 TotalAdj,Native 2020 VAP,NativeAlone 2010 Total,NativeAlone 2010 VAP,NativeAlone 2019 CVAP,NativeAlone 2019 Total,NativeAlone 2020 ACSTot,NativeAlone 2020 CVAP,NativeAlone 2020 NHVAP,OtherAlone 2019 CVAP,OtherAlone 2020 ACSTot,OtherAlone 2020 CVAP,OtherAlone 2020 NHVAP,Pacific 2010 Total,Pacific 2010 VAP,Pacific 2019 CVAP,Pacific 2019 Total,Pacific 2020 ACSTot,Pacific 2020 CVAP,Pacific 2020 Total,Pacific 2020 TotalAdj,Pacific 2020 VAP,PacificAlone 2020 ACSTot,PacificAlone 2020 CVAP,PacificAlone 2020 NHVAP,Rep 2012 Pres,Rep 2012-2020 Comp,Rep 2014 AG,Rep 2014 Gov,Rep 2014 Sen,Rep 2016 AG,Rep 2016 Gov,Rep 2016 LtG,Rep 2016 Pres,Rep 2016 Sen,Rep 2016 SenRoff,Rep 2016-2020 Comp,Rep 2016-2021 Comp,Rep 2017 AG,Rep 2017 Gov,Rep 2017 LtG,Rep 2017 SenSp,Rep 2018 AG,Rep 2018 Gov,Rep 2018 LtG,Rep 2018 Sen,Rep 2018 SenRoff,Rep 2018 SenSp,Rep 2019 AG,Rep 2019 Gov,Rep 2019 GovRoff,Rep 2019 LtG,Rep 2020 AG,Rep 2020 Aud,Rep 2020 Gov,Rep 2020 LtG,Rep 2020 Pres,Rep 2020 Sen,Rep 2020 Sen,Rep 2020 SenSp,Rep 2020 SoS,Rep 2020 Tres,Rep 2021 AG,Rep 2021 Gov,Rep 2021 LtG,Rep 2021 SenRoff,Rep 2021 SenSpRoff,Rep_2018_AG,Rep_2018_Sen,Total 2010 Total,Total 2010 VAP,Total 2012 Pres,Total 2012-2020 Comp,Total 2014 AG,Total 2014 Gov,Total 2014 Sen,Total 2016 AG,Total 2016 Gov,Total 2016 LtG,Total 2016 Pres,Total 2016 Sen,Total 2016 SenRoff,Total 2016-2020 Comp,Total 2016-2021 Comp,Total 2017 AG,Total 2017 Gov,Total 2017 LtG,Total 2017 SenSp,Total 2018 AG,Total 2018 Gov,Total 2018 LtG,Total 2018 Sen,Total 2018 SenRoff,Total 2018 SenSp,Total 2019 AG,Total 2019 CVAP,Total 2019 Gov,Total 2019 GovRoff,Total 2019 LtG,Total 2019 Total,Total 2020 ACSTot,Total 2020 AG,Total 2020 Aud,Total 2020 CVAP,Total 2020 Gov,Total 2020 LtG,Total 2020 NHVAP,Total 2020 Pres,Total 2020 Sen,Total 2020 Sen,Total 2020 SenSp,Total 2020 SoS,Total 2020 Total,Total 2020 TotalAdj,Total 2020 Tres,Total 2020 VAP,Total 2021 AG,Total 2021 Gov,Total 2021 LtG,Total 2021 SenRoff,Total 2021 SenSpRoff,Total_2018_AG,Total_2018_Sen,TwoOrMore 2019 CVAP,TwoOrMore 2020 ACSTot,TwoOrMore 2020 NHVAP,White 2010 Total,White 2010 VAP,White 2019 CVAP,White 2019 Total,White 2020 ACSTot,White 2020 CVAP,White 2020 NHVAP,White 2020 Total,White 2020 TotalAdj,White 2020 VAP
Senator,N/A,AK,50402,33779,27362,61128,64669,29103,61460,,43407,23368,45855,0,34290,33150,20156,19903,35935,37226,20370,35454,,23665,0,0,16732,0,22720,0,16566,,,,,,,,,116454,36200,,135645,,,,,,,125739,,,,,,,,,,,,,153778,146068,,,,,,,,,,,,39249,24437,30359,51870,53059,31283,33441,49824,,33441,1,138312,88232,91076,147196,146557,90039,160287,,105737,0,0,72725,0,103843,0,75017,4404,2953,0,3308,11154,6230,5376,14450,16627,5596,18668,,11184,10306,0,8122,,,,,,,,,163387,138149,,171369,,,,,,,145631,,,,,,,,,,,,,189951,,191112,,,,,,,,,,,710231,522853,,,,,,,,,318608,311441,,324817,,,,,,,283134,,,,,,531065,,,,737068,736990,,,532539,,,554003,357569,353986,,,,733391,,,554003,,,,,,,,0,58275,42679,455320,356987,353456,446897,439979,351992,340580,421758,,340580
Senator,N/A,AL,67036,47973,37547,86490,89031,39801,102777,,74909,30538,67317,0,59997,1281064,917292,979823,1340976,1349127,987332,1364736,,1014372,0,0,967718,0,1292950,0,976732,,,,,,,,,729607,748787,,758890,,,,,673889,702858,694495,660013,,,,,,,,,,,,849624,,920478,,,,,,,,,,,185601,118335,71948,208626,212951,76761,166856,264047,,166856,28,57118,42394,41683,61168,61655,43145,131030,,98114,0,0,18290,0,21297,0,18137,4537,9779,0,9084,5914,3798,1099,5243,5155,1316,7479,,4890,1887,0,1872,,,,,,,,,1318629,1335470,,1137370,,,,,651983,1004438,1022457,1044941,,,,,,,,,,,,1441170,1392076,,,,,,,,,,,,4779670,3647238,,,,,,,,,2123824,2087889,,1915521,,,,,1348749,1708437,1719589,1705977,,,,,3685099,,,,4876250,4893186,,,3709181,,,3917166,2323282,,2316445,,,5024279,,,3917166,,,,,,,,0,94858,119944,3204391,2530757,2550935,3194929,3192147,2558844,2564544,3171351,,2564544
Senator,N/A,AR,44922,31499,24438,57895,59949,25166,68558,,48739,21008,45389,0,39675,468670,321058,339808,489192,493883,342667,495968,,351878,0,0,332733,0,455485,0,331235,,,,,,,,,380445,400551,,365099,,,,,,315099,283218,293535,,,,,,,,,,,,423932,,399390,,,,,,,,,,,186036,111088,78496,224130,229629,83519,162002,256847,,162002,10,47588,33872,39218,59120,61280,40924,115614,,84912,0,0,13740,0,15912,0,15691,2671,6974,0,5260,7849,4566,1698,11465,12733,1845,17874,,10293,10258,0,8250,,,,,,,,,684744,661864,,671817,,,,,,549668,582406,570433,,,,,,,,,,,,760647,793871,,,,,,,,,,,,2915830,2204388,,,,,,,,,1130492,1107344,,1066871,,,,,,889419,891509,888735,,,,,2207250,,,,2999370,3011873,,,2219465,,,2312273,1219069,,1193261,,,3011524,,,2312273,,,,,,,,0,93127,96388,2173456,1708895,1722679,2172453,2155099,1724663,1653772,2063550,,1653772
Senator,N/A,AZ,230907,163591,142792,310727,326446,150415,351132,,257630,119714,233048,0,199796,318665,205572,236644,405266,425315,247682,446394,,302176,0,0,213094,0,305973,0,236894,,,,,,,,,1161167,1031245,,1308739,,,,,,1120726,994341,,1191100,,,,,,,,,,,1672143,,1716467,,,,,,,,,,,1895149,1191203,1140220,2208663,2260690,1196053,1489617,2192253,,1489617,45,353386,231294,222558,399151,405281,226447,453560,,319230,0,0,195928,0,272294,0,189473,14706,17453,0,23269,25106,15895,8654,32339,33447,8893,37212,,24481,13323,0,10590,,,,,,,,,1252401,1359267,,1369080,,,,,,1201398,1330863,,1135200,,,,,,,,,,,1661686,1637661,,,,,,,,,,,,6392017,4763003,,,,,,,,,2604657,2547060,,2732347,,,,,,2326367,2379369,,2387543,,,,4920370,,,,7050299,7174064,,,5050109,,,5541976,3385294,,3354128,,,7151502,,,5541976,,,,,,,,0,187561,174243,3695647,3017895,3158248,3857007,3883722,3206822,3218094,3816547,,3218094
Senator,N/A,CA,5556525,4224498,3740016,6551732,6764118,3825385,7045163,7035269,5502723,3496827,5743983,0,4906293,2681915,1889129,1813535,2766478,2806900,1823059,2825293,2818916,2098032,0,0,1681482,0,2142371,0,1694380,,,,,,,,,8752066,,,8838212,,,,,,7789961,7720625,,,,,,,,,,,,,11110493,,,,,,,,,,,,,14012761,9256541,7592665,15327688,15380929,7861111,11083294,15579652,15571928,11083294,1378,723093,500485,265011,762733,806874,262222,1409609,1404805,1044783,0,0,112230,0,131724,0,122657,138357,124148,0,162339,286128,190183,98078,323042,334713,96893,337617,330616,238128,135524,0,109178,,,,,,,,,4483301,,,4919481,,,,,,4465386,4742586,,,,,,,,,,,,,6006428,,,,,,,,,,,,,37249102,27954062,,,,,,,,,14058363,,,14029394,,,,,,12255347,12463211,,,,,,25494326,,,,39283497,39346023,,,25774732,,,30827105,17497060,,,,,39538223,39523437,,30827105,,,,,,,,0,1322199,1076067,14954681,12408286,11871035,14605312,14365145,11778420,11672897,13714587,13709273,11672897
Senator,N/A,CO,185578,127913,116174,243556,252624,122275,285784,284799,205838,95164,178265,0,155965,249750,164198,174357,300065,309449,180375,318179,317206,219101,0,0,155455,0,224190,0,168127,,,,,,,,,1338870,1370710,,1479049,,,,,,1285464,1348888,,,,,,,,,,,,,1804352,,1731114,,,,,,,,,,,1038664,664439,632726,1208172,1231126,664319,864196,1263390,1263390,864196,36,107826,73470,51161,120639,125039,53537,207787,185371,151224,0,0,24391,0,29337,0,26942,11387,12208,0,21838,15199,9355,5368,21167,22372,5225,24714,23019,16350,7794,0,6646,,,,,,,,,1202484,1215318,,1235919,,,,,,1124757,1080801,,,,,,,,,,,,,1364607,1429492,,,,,,,,,,,,5028425,3802817,,,,,,,,,2780247,2743029,,2834747,,,,,,2491954,2525062,,,,,,4063880,,,,5610349,5684926,,,4154043,,,4509576,3256980,,3235790,,,5773714,5773714,,4509576,,,,,,,,0,164556,170198,3520122,2809842,3074989,3818321,3837450,3119960,3095664,3760663,3760663,3095664
Senator,N/A,CT,157088,111716,85344,191505,196347,89683,205693,205666,150724,78468,161787,0,132859,405600,280916,261265,447432,456214,267226,467416,464809,339200,0,0,246601,0,352036,0,279080,,,,,,,,,897417,1008527,,870082,,,,,,715248,694413,,825464,,,,,,,,,,,1080710,,,,,,,,,,,,,479087,318947,309879,574240,587212,320287,430695,623293,623145,430695,15,31140,21269,15008,37477,35973,14931,60910,60888,44697,0,0,4083,0,4882,0,4967,6254,12802,0,19450,5397,3765,759,5775,6148,695,5971,5968,4294,742,0,757,,,,,,,,,673109,552577,,627920,,,,,,633280,650038,,545655,,,,,,,,,,,714608,,,,,,,,,,,,,3574097,2757082,,,,,,,,,1644655,1596043,,1533374,,,,,,1362885,1406603,,1386663,,,,2605395,,,,3575074,3570549,,,2615899,,,2869227,1823627,,,,,3605944,3603566,,2869227,,,,,,,,0,93146,87626,2546262,2046548,1930357,2392013,2357942,1919988,1913793,2279232,2278660,1913793
Senator,N/A,DE,33701,24508,18148,43398,45744,19969,50969,,37878,16471,38249,0,33202,205923,143010,155372,229730,234353,159695,244944,,178357,0,0,150694,0,208126,0,161576,,,,,,,248404,248141,235154,,,258570,,,,,,,,,,,,,,,,,,292903,285638,296268,291804,,,,,,,,,,218351,217385,73221,46136,37409,88364,91350,40332,67906,104290,,67906,1,9899,6950,5670,9976,9810,5705,21392,,15627,0,0,2566,0,2836,0,2090,1785,3504,0,3024,1216,795,292,1379,1657,257,1547,,1057,290,0,240,,,,,,,166852,169291,185062,,,172762,,,,,,,,,,,,,,,,,,190312,197343,200603,,186054,,,,,,,,,137730,137127,897934,692169,,,,,,,425784,417432,441052,,,440514,,,,,,,,,,,,,710270,,,,957248,967679,,,723117,492635,482981,783543,504010,490935,,,,989948,,,783543,,,,,,356081,362592,0,28088,26279,586752,477636,492833,596497,595236,496682,489226,579851,,489226
Senator,N/A,FL,572425,422360,371945,734880,763613,389713,843005,,637361,327780,579476,0,510811,3196035,2227896,2231442,3653866,3735264,2291519,3703952,,2694907,0,0,2168640,0,3231108,0,2344909,,,,,,,,,4499698,4117590,,4294081,,,,,,3742269,4041304,,4084392,,,,,,,,,,,5296948,,,,,,,,,,,,,4205242,3104285,2982025,5346684,5468826,3122148,4332685,5697240,,4332685,406,162382,118468,91954,174068,178120,93707,384485,,294420,0,0,34518,0,39070,0,34541,35965,90892,0,96170,39857,28282,7943,41216,41386,8387,44454,,31873,10889,0,9027,,,,,,,,,4615395,4832194,,4584404,,,,,,4230915,4074938,,4097270,,,,,,,,,,,5668683,,,,,,,,,,,,,18770037,14774683,,,,,,,,,9489183,9314788,,9035150,,,,,,8118396,8216768,,8181658,,,,14987523,,,,20901636,21216924,,,15296876,,,17339232,11090724,,,,,21538187,,,17339232,,,,,,,,0,465441,534389,10876642,9052055,9274188,11266347,11331222,9361771,9476700,11100503,,9476700
Senator,N/A,GA,365446,262645,218473,488952,515434,230170,565644,,416584,198823,430473,0,367605,3054071,2140007,2399900,3436530,3499486,2450949,3538146,,2607986,0,0,2360946,0,3275581,0,2462933,,,,,,,,,1877963,1599726,,2018308,,,,,,1880807,1923685,1828566,,,,,,,,,,,,2474507,,2374519,2378312,,,,,,2269923,2289113,,,853681,538998,344087,992394,1013057,377593,742918,1123457,,742918,105,84024,58967,47814,101415,107995,50860,214041,,157885,0,0,15900,0,17433,0,16155,17982,38425,0,37161,15577,9920,3413,17562,19468,3567,19020,,12728,5441,0,4556,,,,,,,,,2089104,2135806,,2184216,,,,,,1981563,1978408,1951738,,,,,,,,,,,,2461837,2462617,,2426120,,,,,,2214979,2195841,,,9687188,7195795,,,,,,,,,4092373,3897792,,4277514,,,,,,3862370,3939328,3780304,,,,,7356630,,,,10403847,10516579,,,7482264,,,8220274,4998482,,4952175,4914361,,10711908,,,8220274,,,,4484902,4484954,,,0,257880,246613,5413541,4242265,4333134,5485855,5478289,4358439,4342333,5362156,,4342333
Senator,N/A,HI,780968,589565,425734,802551,803266,429397,824143,,646555,386418,522125,0,458268,38820,23533,24059,50593,51286,24435,46783,,31984,0,0,19996,0,25130,0,18059,,,,,,,,,266891,306604,,284230,,,,,,,244934,,276316,,,,,,,,,,,366130,,,,,,,,,,,,,120842,75574,87121,149118,152566,89183,93107,138923,,93107,3,33470,17454,8185,34512,32391,8058,41528,,28129,0,0,1755,0,2100,0,2000,128390,2539,0,4224,355816,224039,83020,369956,375003,83620,394102,,264451,137046,0,105218,,,,,,,,,128847,92653,,132077,,,,,,,131719,,112035,,,,,,,,,,,196864,,,,,,,,,,,,,1360301,1056483,,,,,,,,,428937,416562,,431133,,,,,,,390843,,388351,,,,1017749,,,,1422094,1420074,,,1020539,,,1155905,574469,,,,,1455271,,,1155905,,,,,,,,0,272208,199405,309343,269530,262031,312722,306360,260084,275624,314365,,275624
Senator,N/A,IA,64512,44870,35692,92564,97896,38755,96861,,67950,30122,78873,0,56772,113225,64742,75717,149977,156107,77568,172988,,104136,0,0,66534,0,114312,0,86796,,,,,,,,,653669,549461,,661858,,,,,,880531,630987,,,,,,,,,,,,,759061,,754859,,,,,,,,,,,151544,88337,78335,188311,194407,83292,134104,215986,,134104,10,24511,15548,15622,27712,28277,16159,55958,,38717,0,0,7425,0,8055,0,6662,2517,3233,0,5779,3847,2307,1317,6346,6346,1427,10073,,6628,3644,0,3447,,,,,,,,,800982,926007,,804209,,,,,,0,667275,,,,,,,,,,,,,897672,864997,,,,,,,,,,,,3046355,2318362,,,,,,,,,1566028,1541035,,1509254,,,,,,1150899,1327636,,,,,,2321040,,,,3139508,3150011,,,2331851,,,2450103,1690871,,1671828,,,3190369,,,2450103,,,,,,,,0,69541,62774,2701123,2107975,2113460,2690052,2677946,2113100,2093769,2638201,,2093769
Senator,N/A,ID,29698,19532,17517,40745,42595,19106,47513,,32362,11881,23603,0,21008,15940,8196,9043,20453,21346,9810,27645,,16047,0,0,6319,0,10558,0,9946,,,,,,,,,189765,188249,,230077,,,,,,203282,231081,240355,,,,,,,,,,,,287021,,285864,,,,,,,,,,,175901,102786,97378,215476,222967,103602,151700,239407,,151700,3,36385,24049,24045,42129,43642,25018,65552,,45525,0,0,14622,0,18866,0,13935,2735,3235,0,5927,5094,3024,1454,7719,7587,1744,9293,,5726,2611,0,2442,,,,,,,,,409055,449017,,449265,,,,,,384791,361660,356507,,,,,,,,,,,,554119,538446,,,,,,,,,,,,1567582,1138510,,,,,,,,,690433,678943,,710634,,,,,,588074,605131,596862,,,,,1220315,,,,1717750,1754367,,,1255340,,,1376400,867281,,859827,,,1839106,,,1376400,,,,,,,,0,44998,49976,1316243,986529,1068454,1407883,1427529,1093403,1121466,1450523,,1121466
Senator,N/A,IL,668262,495758,408476,808038,828847,420688,875488,,662189,377142,702457,0,596814,1972055,1376017,1365436,1955309,1957092,1363419,1992213,,1468381,0,0,1326306,0,1766586,0,1356415,,,,,,,,,3090729,3012940,,2966528,,,,,,2488326,2479746,,,,,,,,,,,,,3471915,,3278930,,,,,,,,,,,2027215,1304053,1015191,2186387,2190696,1058582,1620312,2337410,,1620312,153,101398,69415,41909,101063,104386,41369,280985,,204938,0,0,12586,0,13301,0,13313,16245,24851,0,31674,13542,9406,2165,15026,16535,2660,16842,,11949,3305,0,2354,,,,,,,,,2146015,2184692,,2133354,,,,,,1944142,1765751,,,,,,,,,,,,,2446891,2319870,,,,,,,,,,,,12824440,9695550,,,,,,,,,5589925,5498006,,5346234,,,,,,4548409,4547542,,,,,,9050125,,,,12770631,12716164,,,9064416,,,9999469,6033438,,5968883,,,12812508,,,9999469,,,,,,,,0,277509,255039,8164395,6507312,6206228,7829850,7737459,6166550,6123548,7472751,,6123548
Senator,N/A,IN,126726,88752,70799,186237,195087,75511,212649,,150219,59986,157076,0,124975,654349,430171,460688,720476,735826,469780,760017,,515080,0,0,432726,0,622317,0,462446,,,,,,994110,1235584,,1033155,1158973,,1151946,,,,,,,,,1023786,,,,,,,1229626,,968094,,1242498,,,,,,,,,,,,,389686,235357,195993,461850,475475,206192,350929,554191,,350929,45,49738,35175,32646,52429,52448,32331,139443,,102224,0,0,10256,0,10363,0,10490,6877,16838,0,15652,6385,4000,1358,7631,7169,1258,12015,,8691,1790,0,1961,,,,,,1643712,1397408,,1557240,1424011,,1497840,,,,,,,,,1158685,,,,,,,1721984,,1706727,,1729857,,,,,,,,,,,,,6483594,4875353,,,,,,2637822,2720338,,2760528,2733628,,2737216,,,,,,,,,2271044,,,,4903119,,,,6665703,6696893,2951610,,4933221,3020322,,5192579,3031256,,,,,6785528,,,5192579,,,,,,,,0,159581,160476,5286357,4097258,4137162,5271071,5253453,4144074,4065650,5121004,,4065650
Senator,N/A,KS,83919,57653,46482,105946,110231,50780,112195,,78934,40220,85734,0,65780,202131,128901,129556,214879,216216,130533,223275,,148173,0,0,117418,0,159797,0,122508,439853,,,,,,,,426982,379721,,476208,,,,,,427166,506504,,,,,,,,,,,,,570320,,571527,,,,,,,,,,,300015,177925,143856,345680,351602,150518,241586,382603,,241586,10,59123,38950,35865,61423,62955,36662,111305,,77897,0,0,14854,0,17788,0,16995,4657,5978,0,6978,4934,2884,1086,6138,6655,1306,7890,,4968,1889,0,2173,689717,,,,,,,,670975,732322,,661389,,,,,,613640,453028,,,,,,,,,,,,,771401,727957,,,,,,,,,,,,2852702,2125881,1157276,,,,,,,,1193610,1178420,,1191735,,,,,,1040806,1054615,,,,,,2084755,,,,2910652,2912619,,,2097018,,,2229316,1372295,,1367747,,,2937880,,,2229316,,,,,,,,0,95843,89314,2230181,1731918,1725618,2208576,2193988,1724073,1683982,2122575,,1683982
Senator,N/A,KY,62029,42411,33987,83733,88096,35432,98763,,68607,27951,67524,0,54971,376213,254615,273628,418010,425351,277397,436059,,299191,0,0,257459,0,356048,0,265961,,,,,,,,,628847,813236,,723188,,,,,,,,,,,,602272,709891,,,,,,,772474,,816257,,,,,,,,,,,132836,82887,58042,162994,167949,61905,133075,207854,,133075,21,31355,23388,22257,33033,32270,22736,91206,,68900,0,0,6639,0,7075,0,6657,4576,9350,0,8970,5111,3080,1467,6300,5425,1317,8449,,5751,2691,0,2391,,,,,,,,,1202957,1090163,,1064826,,,,,,,,,,,,823346,704754,,,,,,,1326646,1233315,,,,,,,,,,,,4339364,3315993,,,,,,,,,1923375,1903399,,1822791,,,,,,,,,,,,1425618,3349124,1443078,,,4449052,4461952,,,3362397,,,3483900,2135436,,2134958,,,4505836,,,3483900,,,,,,,,0,99577,106330,3745652,2917516,2956663,3761855,3751738,2961239,2905545,3664764,,2905545
Senator,N/A,LA,84335,62025,47444,98019,99667,49799,111836,,82947,42383,79976,0,67983,1486802,1040219,1105401,1556081,1560682,1110158,1543119,,1115769,0,0,1090938,0,1489071,0,1066511,,,,,,,,,780154,695288,347816,687481,,,,,,,,,,,,436502,636963,774498,413556,,,,,856034,,730989,,,,,,,,,,,192560,138091,104744,239164,243372,109085,223662,322549,,223662,21,55079,38189,35969,59834,60705,37612,103128,,74905,0,0,18364,0,23328,0,19531,5854,12922,0,11524,4879,3278,722,4797,5036,936,6100,,4160,1527,0,1322,,,,,,,,,1178638,1185889,536191,1071794,,,,,,,,,,,,855366,696434,734286,884309,,,,,1255776,1267291,,,,,,,,,,,,4533289,3415316,,,,,,,,,2029032,1933635,884007,1795679,,,,,,,,,,,,1291868,3459409,1343481,1508784,1297865,4664362,4664616,,,3467793,,,3570548,2148062,,2071543,,,4657757,,,3570548,,,,,,,,0,93782,97905,2734884,2147661,2162799,2735887,2720638,2158930,2082110,2596702,,2082110
Senator,N/A,MA,394211,293091,250151,516599,538409,259159,582484,,448120,229929,462831,0,407742,508413,353946,329573,643622,662313,341158,669866,,486313,0,0,304747,0,466288,0,351465,,,,1004408,1289945,,,,1995050,,,1854581,,,,,,1874027,885727,,1633242,,,,,,,,,,,2382043,,2357652,,,,,,,,,,,627654,416775,427644,809179,828140,443162,621508,887685,,621508,45,50705,35605,24563,48528,52168,25104,94040,,69936,0,0,7905,0,8943,0,7430,7895,53983,0,68601,10257,7243,1677,10355,11593,1921,10436,,7785,2327,0,1391,,,,1044572,791951,,,,1090758,,,1166627,,,,,,804758,1781128,,979085,,,,,,,,,,,1167119,1177682,,,,,,,,,,,,6547629,5128706,,,,2065276,2081894,,,,3324751,,,3091247,,,,,,2680643,2674359,,2706826,,,,4992509,,,,6850553,6873003,,,5030884,,,5663723,3631159,,3563896,,,7029917,,,5663723,,,,,,,,0,185469,216601,4984800,4029458,3954282,4903539,4865022,3955451,3988985,4748897,,3988985
Senator,N/A,MD,369901,272903,235465,449579,463308,243609,502173,502844,376559,215313,382027,0,332666,1783842,1293080,1321414,1916619,1937445,1338145,1977453,1964359,1492989,0,0,1288414,0,1773702,0,1388741,,,,,,,,,1677928,1659907,,1548502,,,,,,1474833,1002639,,1491614,,,,,,,,,,,1985023,,,,,,,,,,,,,470541,322227,222389,606482,619418,241096,492262,729745,729673,492262,36,58653,41216,29961,61785,64146,29860,128650,116744,93633,0,0,9865,0,11223,0,9788,16756,24269,0,23196,9821,6767,1626,12039,11335,1616,11440,11029,7849,1954,0,2035,,,,,,,,,943169,972557,,943248,,,,,,799035,1275644,,697017,,,,,,,,,,,976411,,,,,,,,,,,,,5772142,4419249,,,,,,,,,2781446,2726170,,2566620,,,,,,2275788,2304512,,2299889,,,,4280319,,,,6018848,6037624,,,4313314,,,4815202,3037028,,,,,6177224,6175403,,4815202,,,,,,,,0,196537,165154,3156847,2528438,2460841,3062363,3028494,2448900,2401360,2913782,2913263,2401360
Senator,N/A,ME,18333,12123,10934,22658,23244,11738,25473,,18011,7934,15157,0,13336,21764,11396,10498,26929,27832,10890,36304,,21960,0,0,7713,0,17761,0,16551,,,,,,,,,357735,,,354513,,,,,,,320962,,66268,,,,,,,,,,,435070,,347241,,,,,,,,,,,16935,10525,13700,22100,23143,14311,17656,26609,,17656,3,18482,13177,14624,22920,23349,14916,33502,,24805,0,0,5929,0,8011,0,5603,1261,2283,0,3365,988,629,221,1695,1460,124,1619,,1148,159,0,332,,,,,,,,,335593,,,345628,,,,,,,272311,,223501,,,,,,,,,,,360767,417642,,,,,,,,,,,,1328361,1053828,,,,,,,,,747935,,,742383,,,,,,,630693,,634036,,,,1064754,,,,1335492,1340825,,,1070545,,,1110085,819369,,818970,,,1362359,,,1110085,,,,,,,,0,32198,35738,1254297,1007023,1013879,1244531,1242113,1017870,1017504,1228264,,1017504
Senator,N/A,MI,289542,201741,166236,377181,390937,175580,411928,,300440,144327,314736,0,258756,1505488,1045520,1052490,1519461,1524001,1055583,1544122,,1111506,0,0,1006498,0,1342592,0,1021516,,,,,,,,,2268839,,,2384959,,,,,,2031117,2266193,,2214478,,,,,,,,,,,2804036,,2734558,,,,,,,,,,,436358,264511,250673,507353,521203,264972,367645,564422,,367645,91,139092,93900,86859,147844,148080,88676,246458,,178471,0,0,35015,0,42931,0,36450,13282,27247,0,25724,9348,6050,1995,10282,10109,2118,11255,,7503,2675,0,1985,,,,,,,,,2279543,,,2213134,,,,,,1916117,1859534,,1938817,,,,,,,,,,,2649859,2642221,,,,,,,,,,,,9883371,7539305,,,,,,,,,4799284,,,4727582,,,,,,4142043,4245920,,4237250,,,,7495888,,,,9965265,9973907,,,7528663,,,7914602,5538208,,5479685,,,10077331,,,7914602,,,,,,,,0,293901,273730,7569764,5960525,5932585,7477400,7428622,5937381,5928796,7295651,,5928796
Senator,N/A,MN,247132,160148,151140,316790,330738,162671,357704,,241531,136825,273100,0,214681,327548,195404,211906,428937,447354,222129,483646,,298786,0,0,189843,0,354540,0,257353,,,1014712,989111,1053203,,,,1367710,,,1475215,,,,,,1249405,1393094,,1566171,,1370538,,,,,,,,,1717075,,1566521,,,,,,,,,,,250258,148836,114964,299556,307675,126049,218767,345640,,218767,36,101900,63924,60607,108322,110783,61503,157651,,104347,0,0,36443,0,48409,0,39560,7377,17494,0,14680,6206,3817,1343,8194,7593,1390,9387,,6091,1905,0,1861,,,752539,879253,850224,,,,1322947,,,1232550,,,,,,1150458,1097704,,940436,,1095775,,,,,,,,,1484061,1398141,,,,,,,,,,,,5303874,4019813,,,1824853,1925264,1933112,,,,2944802,,,2853895,,,,,,2551769,2587284,,2596875,,2587352,,4069715,,,,5563378,5600166,,,4113379,,,4389033,3277165,,3214251,,,5706494,,,4389033,,,,,,,,0,174553,133078,4405091,3462595,3525490,4442126,4422490,3535145,3509053,4353880,,3509053
Senator,N/A,MO,123499,87581,68212,155191,161495,73509,179336,,129505,57278,122506,0,104558,747457,511181,528952,779871,784331,533037,798623,,562207,0,0,505970,0,692510,0,514169,,,,,,1140252,1277360,1168947,1071068,1300200,,1172472,,,,,,,,,1112935,,,,,,,1117713,,1225771,1150231,1253014,,,,1081113,1122547,,,,,,,,212462,131804,118607,254791,262677,127593,197173,303068,,197173,36,72376,51771,50936,81120,82267,51550,183435,,135751,0,0,19156,0,20646,0,18642,8679,12840,0,14896,11296,6916,3224,14161,13701,3408,17870,,11326,7876,0,6340,,,,,,1607550,1433397,1459392,1594511,1378458,,1567489,,,,,,,,,1254927,,,,,,,1752792,,1720202,1731263,1718736,,,,1798505,1742943,,,,,,,,5988371,4563021,,,,,,2747802,2803018,2764082,2801449,2802546,,2822869,,,,,,,,,2442282,,,,4603750,,,,6104910,6124160,2951605,,4630114,3012274,2963466,4775612,3025157,,,,2972483,6154913,,2949212,4775612,,,,,,,,0,178162,196192,4850288,3788903,3828734,4849901,4826943,3836442,3723642,4663907,,3723642
Senator,N/A,MS,32560,23256,17750,38321,39237,18017,44931,,32717,15030,29561,0,25718,1115801,773735,826372,1148334,1149098,828757,1123613,,823080,0,0,819961,0,1118689,0,799388,,,,,,,,,485131,,,395935,,,,,,,,,369567,420819,400594,370068,414368,,349627,,,,,539398,,578691,,,,,,,,,,,81481,54977,37695,91202,94342,41685,68637,105220,,68637,10,25910,17878,15832,25253,24230,16268,53729,,39081,0,0,9469,0,12897,0,9701,2433,5139,0,4638,2776,1856,510,2742,3110,906,3235,,2214,1090,0,767,,,,,,,,,700714,,,520867,,,,,,,,,547619,486769,544873,507468,459396,,524757,,,,,756764,709511,,,,,,,,,,,,2967297,2211742,,,,,,,,,1209357,,,926342,,,,,,,,,936215,907588,945467,877536,2232390,884911,,874384,2984418,2981835,,,2238102,,,2277599,1313759,,1311354,,,2961279,,,2277599,,,,,,,,0,39179,53299,1722287,1348246,1333089,1689927,1680938,1331584,1315451,1639077,,1315451
Senator,N/A,MT,20964,14112,14070,29380,31244,14785,33778,32852,23110,9992,17054,0,13332,15834,8184,10292,22556,24062,10849,25474,24276,14884,0,0,6636,0,9862,0,7562,,,,,,317940,511866,,355418,,,481622,,,,,,,,,253876,,,,,,,494050,465268,501720,,489572,272463,272463,,479234,,,,,,,,253876,57130,34840,47276,80628,83002,50618,59816,90398,90332,59816,4,157202,99852,105736,173636,175126,107622,201156,195206,132268,0,0,82754,0,125440,0,85434,2286,3326,0,6652,3464,2118,1060,5556,5518,917,6202,5828,3936,1104,0,1284,,,,,,665532,472230,,558480,,,622112,,,,,,,,,235963,,,,,,,696644,653484,657096,,687204,333174,333174,,705878,,,,,,,,235963,1978830,1531704,,,,,,983472,1018720,,989052,,,1129166,,,,,,,,,504384,,,,1625138,,,,2101298,2123410,1190694,1181286,1647530,1207174,,1700246,1207280,605637,605637,,1185112,2168450,2165434,,1700246,,,,,,,504384,0,66058,71060,1737256,1378376,1444928,1809100,1817564,1460604,1455106,1802636,1800490,1455106
Senator,N/A,NC,252585,175080,155182,355907,377854,165584,425449,,302405,137163,306140,0,257602,2151456,1535515,1681775,2360234,2392742,1705231,2344553,,1743052,0,0,1634779,0,2182623,0,1620569,,,,,1370302,2303419,2308957,2093180,2189106,2127968,,2520373,,,,,,,,,,,,,,,,2713204,2729982,2834591,2623265,2684098,,2569778,,2755373,2536830,,,,,,,,800120,492330,313349,962665,991051,342457,724311,1118596,,724311,105,184082,126821,126802,204106,208642,129308,318279,,231359,0,0,86079,0,108223,0,77335,17794,30335,0,30113,14774,9097,3763,18280,19899,4295,20957,,14011,6249,0,5144,,,,,1416834,2278985,2298851,2393490,2362610,2395348,,2578164,,,,,,,,,,,,,,,,2699744,2635789,2586571,2800618,2758731,2665560,,,2630524,2812761,,,,,,,,9535483,7253848,,,,,2895916,4582404,4710780,4619312,4741328,4690901,,5216006,,,,,,,,,,,,,7515070,,,,10264876,10386227,5412948,5365771,7636549,5502540,5423883,8155099,5524566,,5474716,,5385897,10439388,,5349591,8155099,,,,,,,,0,258314,250392,6223995,4964325,5229359,6474688,6503292,5284205,5189633,6312148,,5189633
Senator,N/A,ND,9193,6752,5235,15471,16362,5467,18675,,13192,3672,11831,0,10252,11086,6273,12010,26761,28675,11967,34499,,21444,0,0,10758,0,23459,0,17608,,,,,,,65855,,93758,58116,,98083,,,,,,,,,,,,,,,,,111397,90925,,115042,,,,,117939,,,,,,102869,144376,13467,8064,15533,28317,30325,16389,21603,33412,,21603,1,42996,26656,29491,50119,50939,29672,55777,,35031,0,0,24425,0,37170,0,24119,757,1220,0,1284,782,475,631,1778,1781,698,2086,,1361,983,0,643,,,,,,,259863,,216794,268788,,225714,,,,,,,,,,,,,,,,,234447,235629,,235751,,,,,227746,,,,,,215633,179720,672591,522720,,,,,,,339601,,344360,342501,,337384,,,,,,,,,,,,,564515,,,,756717,760394,,346370,564937,357859,,596093,362024,,,,,779094,,347165,596093,,,,,,319217,326138,0,19122,17431,598007,475686,501153,638985,636284,500440,503153,636160,,503153
Senator,N/A,NE,40561,27483,22313,58983,62516,24065,69006,,47344,18098,47539,0,38794,98959,60879,63151,115778,117761,63452,124773,,78652,0,0,57472,0,89744,0,66088,,,,,,,,,284494,,,287314,,,,,,0,286169,,269917,,,,,,,,,,,374583,,227191,,,,,,,,,,,167405,98221,81317,208271,214952,85077,145297,234715,,145297,6,29816,17764,16405,32827,33736,16936,55260,,35664,0,0,9250,0,13378,0,10112,2398,2602,0,4314,2823,1711,856,3365,3735,889,4069,,2627,1051,0,942,,,,,,,,,495961,,,477990,,,,,,516777,411812,,403151,,,,,,,,,,,556846,583507,,,,,,,,,,,,1826110,1366889,,,,,,,,,828176,,,785004,,,,,,516777,697981,,698417,,,,1366070,,,,1914571,1923826,,,1373650,,,1476127,951712,,865813,,,1961504,,,1476127,,,,,,,,0,47433,41325,1499522,1166725,1180940,1512111,1507127,1181634,1169255,1484687,,1169255
Senator,N/A,NH,34522,23669,20409,46317,47713,22581,46861,,33822,16654,36398,0,27989,21736,12800,14137,30753,32277,14980,32998,,21772,0,0,11265,0,18343,0,13858,,,,,,,337589,,348526,354649,,351242,,,,,,,262359,,,,,,,,,,,264639,,424937,,450778,,,,,,,,,,,36704,22934,28293,50493,52792,29572,39800,59454,,39800,3,10524,7534,7694,11005,10734,7606,25468,,19304,0,0,1451,0,1895,0,1930,1136,2042,0,4443,1160,757,293,1507,1579,255,1792,,1215,320,0,303,,,,,,,354040,,345790,353632,,404002,,,,,,,302764,,,,,,,,,,,516609,,365660,326229,,,,,,,,,,,,1316470,1029236,,,,,,,724863,,744296,739140,,777313,,,,,,,573602,,,,,,1055455,,,,1348124,1355244,,,1065290,793260,,1120680,803833,,795914,,,1377529,,,1120680,,,,,,,,0,29425,36606,1215050,962931,983910,1214927,1214029,989519,995751,1200649,,995751
Senator,N/A,NJ,795163,586456,456605,923811,948998,470286,1046732,1046866,793878,438364,851568,0,740609,1300363,932595,841116,1318289,1335434,846863,1413772,1406392,1057822,0,0,813766,0,1121134,0,896947,,,,,,,,,2148278,,,,1947894,,1203115,,,,,,1711654,,,,,,,,,,,2608335,,2541178,,,,,1339471,,,,,,1555144,1094143,906322,1794736,1815078,936250,1435999,2002575,2001337,1435999,78,70716,49530,23359,61399,64849,23194,147877,147865,107657,0,0,7326,0,10290,0,8209,13547,42308,0,48057,12999,9461,1639,11996,11376,1689,14621,14619,10802,2122,0,1586,,,,,,,,,1601933,,,,1527903,,899606,,,,,,1357355,,,,,,,,,,,1883274,1817052,,,,,,1255185,,,,,,8791894,6726680,,,,,,,,,3874046,,,,3537234,,2147443,,,,,,3169310,,,,6132295,,,,8878503,8885418,,,6156299,,,7281310,4549353,,4440440,,,9288994,9283016,,7281310,,2614886,,,,,,0,184111,183507,5214878,4149566,3894871,4916380,4858807,3868821,3966396,4816381,4814558,3966396
Senator,N/A,NM,40456,28644,21208,48809,48942,21833,55997,,41222,16581,31328,0,28989,57040,36964,32644,60672,62321,33281,68409,,46422,0,0,28792,0,37975,0,30778,,,,,,,,,385234,,,441725,,,,,,427583,398368,,376998,,,,,,,,,,,501614,,474483,,,,,,,,,,,953403,651326,638579,1020817,1031788,652940,726764,1010811,,726764,6,219512,148454,142093,226198,229071,144124,263615,,188477,0,0,133663,0,179881,0,137360,2102,5934,0,7925,4698,3015,945,3550,4511,1146,6012,,4204,1408,0,1199,,,,,,,,,319667,,,345793,,,,,,231296,298091,,212813,,,,,,,,,,,401894,418483,,,,,,,,,,,,2059179,1540507,,,,,,,,,798319,,,816755,,,,,,691810,696459,,697012,,,,1496265,,,,2092454,2097021,,,1511394,,,1638989,923965,,917237,,,2117522,,,1638989,,,,,,,,0,39568,41912,833810,697848,659683,782269,769139,656933,664062,772952,,664062
Senator,N/A,NV,242815,181208,171437,305500,320596,179832,353593,353536,273326,154669,246904,0,224400,254426,172881,201673,322756,337681,212184,375198,373989,262830,0,0,188181,0,271744,0,219333,,,,,,,,,539251,521985,,531310,,,,,,456225,480007,486381,490071,,,,,,,,,,,703486,,,,,,,,,,,,,716433,454485,385390,853041,875798,408012,609396,890257,890906,609396,10,55929,38624,32485,65762,67377,32975,105790,105761,78079,0,0,20733,0,25928,0,18317,15685,11581,0,12441,32845,20934,12936,40403,43543,13676,52532,52533,34821,19401,0,17118,,,,,,,,,512038,495059,,501449,,,,,,451691,440319,421696,441201,,,,,,,,,,,669890,,,,,,,,,,,,,2699896,2034972,,,,,,,,,1125356,1108265,,1089485,,,,,,965752,971798,965942,972131,,,,2018929,,,,2972382,3030281,,,2071239,,,2413326,1405376,,,,,3104614,3104614,,2413326,,,,,,,,0,118766,106670,1461627,1198896,1201757,1463237,1460159,1210807,1205651,1425952,1425318,1205651
Senator,N/A,NY,1579397,1226551,944011,1839680,1884346,967746,2173719,2152553,1708835,899189,1657284,0,1551634,3333945,2439480,2040825,3379351,3396120,2053206,3533873,3309508,2700724,0,0,1974087,0,2737471,0,2176551,,,,,,,,,4556131,5221965,,4406146,,,,,,3739479,3635573,,4057249,,,,,,,,,,,5244886,,,,,,,,,,,,,3416462,2444076,1998416,3720983,3720707,2051065,2925886,3948032,3945976,2925886,351,221031,155329,78555,206533,207027,78535,399803,324587,299119,0,0,36073,0,42429,0,42624,34344,117708,0,137513,36418,26900,6368,31933,33546,5914,40578,30975,31005,5537,0,4766,,,,,,,,,2819552,2009377,,2395935,,,,,,2108964,2207976,,1998566,,,,,,,,,,,3251997,,,,,,,,,,,,,19376822,15052201,,,,,,,,,7720570,7396364,,6966370,,,,,,5994134,6105117,,6059687,,,,13722623,,,,19572319,19514849,,,13764900,,,16088135,8632253,,,,,20201249,20193858,,16088135,,,,,,,,0,467416,487644,11304052,9098110,8632577,10883812,10766297,8584039,8761517,10598907,10596646,8761517
Senator,N/A,OH,238277,168516,135434,326348,344131,144602,377303,,271124,113878,266601,0,228920,1541565,1047832,1093797,1654697,1673910,1106000,1704492,,1188984,0,0,1028736,0,1422412,0,1073902,,,,,,,,,2394164,1996908,,2259824,,,,,,2086715,2070046,,2358508,,,,,,,,,,,2679165,,,,,,,,,,,,,354661,218913,227482,443415,459939,240158,336028,521308,,336028,120,90119,64037,58089,101157,99662,58206,234389,,171578,0,0,14239,0,14901,0,15496,16218,30924,0,28843,10525,6497,2066,12806,14978,2121,15181,,10072,3367,0,3233,,,,,,,,,2841005,3118567,,2612162,,,,,,2276414,2235825,,2057559,,,,,,,,,,,3154834,,,,,,,,,,,,,11535794,8805178,,,,,,,,,5480173,5374053,,4983616,,,,,,4363129,4435462,,4416067,,,,8820720,,,,11655397,11675275,,,8855342,,,9207562,5920380,,,,,11799448,,,9207562,,,,,,,,0,335761,302248,9358791,7330008,7296483,9197115,9141370,7294859,7218892,8954135,,7218892
Senator,N/A,OK,84170,59234,51191,112607,116701,53905,123614,,87335,42581,85858,0,69282,327621,215873,228445,359841,364516,230934,382698,,258909,0,0,204901,0,282134,0,212976,,,,,,,,,420375,355911,,449422,,,,,,421699,500973,406797,,,,,,,,,,,,503890,,509763,,,,,,,,,,,332007,199457,161401,417906,431467,171358,295621,471931,,295621,15,482760,311821,336752,526408,535675,340096,633831,,423192,0,0,204494,0,288801,0,219638,8264,6774,0,10012,8206,5069,2521,11829,12351,2033,15026,,8991,5820,0,5082,,,,,,,,,949136,980892,,887096,,,,,,750769,644579,729219,,,,,,,,,,,,1020280,979140,,,,,,,,,,,,3751351,2821685,,,,,,,,,1452992,1448047,,1389858,,,,,,1172468,1186385,1178190,,,,,2837150,,,,3932870,3949342,,,2855934,,,3010698,1560699,,1556361,,,3959353,,,3010698,,,,,,,,0,285369,234233,2575381,2055504,2059467,2581231,2563119,2058797,1963854,2407188,,1963854
Senator,N/A,OR,186281,131730,124897,246789,258188,131381,275296,,203785,101254,185221,0,156707,98479,60995,65529,119710,124917,67811,134692,,90455,0,0,52693,0,75418,0,60012,,,,,,1011316,984613,,1001736,1104601,,1197314,,,,,,,934129,,,,,,,,,1264247,,,,1339890,,1320569,,1145959,1166270,,,,,,,,450019,269726,229638,537217,552279,248530,389394,588757,,389394,21,109205,75089,69596,128380,130446,71062,185726,,136731,0,0,29190,0,35842,0,32769,13500,10660,0,17541,25785,16201,8318,34407,36027,8829,39709,,26519,15614,0,13091,,,,,,766052,844876,,781636,650512,,885038,,,,,,,814300,,,,,,,,,933670,,,,957702,912105,,,983880,936250,,,,,,,,3830484,2964111,,,,,,1839438,1944789,,2000032,1951222,,2187067,,,,,,,1865845,,,,,,3053865,,,,4129803,4176346,2258452,,3108043,,,3370652,2373040,,2320020,,2277300,4237256,,2256259,3370652,,,,,,,,0,172818,174863,3005315,2432356,2543065,3125842,3128494,2566515,2526275,3036158,,2526275
Senator,N/A,PA,402579,293871,239502,512310,532335,249475,603726,604762,449690,217685,445725,0,398348,1507964,1044459,1036697,1621737,1634203,1043722,1655034,1655319,1189064,0,0,984899,0,1352329,0,1039831,,,,,,3057010,,,2926444,2865012,,3063769,,,,,,,2895931,,2792693,,,,,,,3457757,3125751,,,3460475,,,,,3235932,,,,,,,,719660,459421,503496,935216,971813,529807,704258,1049615,1049615,704258,153,81092,56129,42832,94275,92952,43466,189164,189324,137134,0,0,11037,0,12224,0,12123,16178,38765,0,36798,12424,8384,2084,14796,14432,2378,16532,16615,11465,2968,0,2519,,,,,,2891325,,,2971198,2951702,,2770889,,,,,,,2040233,,2135223,,,,,,,3150425,3334394,,,3378442,,,,,3288266,,,,,,,,12702301,9910174,,,,,,5948335,,,6115871,6051856,,5964106,,,,,,,5013199,,5010071,,,,9759785,,,,12791530,12794885,6799000,6744093,9778917,,,10353548,6918349,,,,,13002700,13002700,6754275,10353548,,,,,,,,0,285943,275661,10094583,8111233,7927861,9777163,9685118,7902475,7884010,9553417,9553417,7884010
Senator,N/A,RI,36763,26765,21552,44653,45472,22118,48450,,36946,18754,35856,0,31412,77754,51397,45969,89741,91539,46812,99925,,70366,0,0,40957,0,58680,0,41924,,,,,,,,,252525,,,279907,,,,,,274350,198122,226528,231477,,,,,,,,,,,307486,,328574,,,,,,,,,,,130655,84715,83983,163226,168007,86769,125988,182101,,125988,3,14394,9438,6888,14220,13851,6894,23357,,16647,0,0,2895,0,2832,0,2699,1440,6870,0,8453,2260,1514,584,2369,2413,514,2331,,1655,648,0,255,,,,,,,,,180543,,,172352,,,,,,0,139932,106505,144421,,,,,,,,,,,199922,164855,,,,,,,,,,,,1052567,828611,,,,,,,,,464144,,,461598,,,,,,343681,376401,366152,376738,,,,792934,,,,1057231,1057798,,,795065,,,887594,517757,,494262,,,1097379,,,887594,,,,,,,,0,29197,34428,803685,660823,633853,761432,755708,631629,642435,754050,,642435
Senator,N/A,SC,75674,53742,48995,103491,110663,52446,123666,,88832,40883,82800,0,70272,1332188,953711,1024578,1410419,1423031,1035388,1370528,,1014656,0,0,1006904,0,1337126,0,964667,,,,,,,,,855373,757022,,886573,,,,,,729694,784182,,,,,,,,,,,,,1091541,,1110828,,,,,,,,,,,235682,154176,104169,285458,296897,112626,231124,352838,,231124,28,42171,30248,30354,48926,48904,30805,108111,,79729,0,0,12062,0,14085,0,13333,5909,13540,0,12598,5880,3808,1901,7628,7756,1784,8737,,5846,3384,0,2212,,,,,,,,,1155389,1241609,,1167419,,,,,,938031,921341,,,,,,,,,,,,,1385103,1369137,,,,,,,,,,,,4625364,3544890,,,,,,,,,2103027,2049893,,2093366,,,,,,1703834,1707569,,,,,,3783844,,,,5020806,5091517,,,3849721,,,4014460,2513329,,2515104,,,5118425,,,4014460,,,,,,,,0,113574,116279,2962740,2365767,2571789,3196421,3230111,2613220,2603975,3178552,,2603975
Senator,N/A,SD,10216,6683,5037,15897,16062,5556,18489,,12406,4270,12275,0,9918,14705,7801,9052,23899,25975,9387,26307,,14956,0,0,7389,0,18436,0,11408,,,,,,,,,117466,104147,,135916,,,,,,,161171,,,,,,,,,,,,,150471,143987,,,,,,,,,,145319,,22119,12917,14806,33024,36088,15691,23855,38741,,23855,1,82073,48511,51977,90422,91221,52469,98842,,60618,0,0,45036,0,72142,0,47084,788,824,0,1472,920,554,333,1402,1651,252,1642,,1033,494,0,395,,,,,,,,,227731,265527,,230319,,,,,,,172706,,,,,,,,,,,,,261043,,276232,,,,,,,,,178841,,814180,611383,,,,,,,,,370111,369674,,370598,,,,,,,338715,,,,,,639670,,,,870638,879336,,,644872,,,669255,422609,420219,,,,886667,,,669255,,,,,,324160,,0,23749,19042,689502,537069,557965,713546,715328,561189,556081,705583,,556081
Senator,N/A,TN,113398,79242,65024,148955,155558,69633,178683,,128390,53984,121808,0,103925,1107178,771057,841547,1200241,1214063,853847,1196114,,864737,0,0,821679,0,1118600,0,812207,,,,,,,,,870695,,,959161,,,,,,,864863,,985450,,,,,,,,,,,1143711,,1040691,,,,,,,,,,,290059,182006,117476,364174,377162,128766,305717,479187,,305717,45,54874,40636,41658,62201,62889,42773,161436,,123061,0,0,13101,0,13814,0,12745,7375,15482,0,15557,7785,4866,2262,10017,10542,2231,11008,,7245,3439,0,2625,,,,,,,,,1522925,,,1518846,,,,,,,1336106,,1227483,,,,,,,,,,,1852475,1840926,,,,,,,,,,,,6346105,4850104,,,,,,,,,2508027,,,2531850,,,,,,,2243294,,2243740,,,,5016643,,,,6709356,6772268,,,5082304,,,5384473,3052989,,2950099,,,6910840,,,5384473,,,,,,,,0,152592,173401,4800782,3787577,3944444,4951558,4969371,3982022,3958296,4900246,,3958296
Senator,N/A,TX,1110649,802280,730015,1565746,1656166,769272,1849226,,1358922,674633,1396953,0,1205578,3168403,2194598,2453693,3727750,3834846,2512353,3964700,,2837841,0,0,2384091,0,3367449,0,2575257,,,,1835320,1597154,,,,3877861,,,4244081,,,,,,3898384,3546595,3860840,4045618,,,,,,,,,,,5259279,,4888902,,,,,,,,,,,9460793,6143060,5428901,11116881,11294257,5671692,7907319,11441717,,7907319,741,315263,218440,152650,349927,370697,156445,794062,,584904,0,0,55644,0,65132,0,67248,35507,55897,0,77691,47645,30413,14145,60565,60744,14113,77196,,51835,21477,0,20144,,,,2796077,2861059,,,,4684856,,,4937701,,,,,,4191243,4656210,4260984,4260461,,,,,,,,,,,5890568,5963177,,,,,,,,,,,,25145257,18279513,,,,4631396,4458214,,,,8983403,,,9380411,,,,,,8290934,8343437,8305339,8371562,,,,18181164,,,,28260856,28635442,,,18578758,,,21866700,11320415,,11143574,,,29145505,,,21866700,,,,,,,,0,583800,575470,11397251,9074601,9380360,11856336,11850477,9428870,9437993,11584597,,9437993
Senator,N/A,UT,77739,52270,47580,107058,112368,50574,125088,,86281,36099,72061,0,62825,43207,22572,23766,55472,59239,25519,67128,,39879,0,0,18696,0,34982,0,25370,,395472,,,,275563,323332,,310664,301848,,,,,,,,,,,328533,,,,,,,489477,0,442737,,560255,,,,,0,,,,,,,,358320,214484,176271,434832,446067,189337,316610,492912,,316610,10,50055,30858,29016,55633,56640,29694,87234,,58774,0,0,20432,0,27734,0,20985,8462,6851,0,8588,36769,19922,15626,46028,49428,16401,59247,,34497,28820,0,23424,,804154,,,,719027,750819,,515208,760208,,,,,,,,,,,665196,,,,,,,878776,1000762,918675,,865066,,,,,994036,,,,,,,,2763393,1892569,,1265465,,,,1099246,1124888,,1131333,1115557,,,,,,,,,,,1064459,,,,2028990,,,,3096848,3151239,1450694,1338260,2082871,1476780,,2324051,1506538,,,,,3271616,,1333029,2324051,,,,,,,,0,79532,68249,2221273,1563300,1728603,2425647,2455192,1762529,1798000,2465355,,1798000
Senator,N/A,VA,522199,377852,338369,664348,691449,354686,757282,757080,555088,299615,564706,0,478337,1653563,1191781,1237998,1782852,1800436,1251529,1799960,1794145,1341203,0,0,1192402,0,1590974,0,1224840,,,,,,,,,1981473,,,,1997055,1385390,1408818,1368412,,,,,1910370,,,,,,,,,,,2413568,,2466500,,,,1620564,1599470,1608030,,,,,631825,426857,331152,792001,810770,353170,614314,908749,908369,614314,66,80924,56979,45497,86798,89497,45753,180239,180071,131743,0,0,14872,0,16856,0,15376,22337,26839,0,29385,15422,10167,3973,19416,19326,3766,22226,22096,14760,4680,0,4754,,,,,,,,,1769443,,,,1724045,1209540,1175732,1224520,,,,,1374313,,,,,,,,,,,1962430,1934199,,,,,1647100,1663158,1658332,,,,,8001024,6147347,,,,,,,,,3982752,,,,3784693,2597544,2614065,2595538,,,,,3351757,,,,6140263,,,,8454463,8509358,,,6198307,,,6745054,4460524,,4405087,,,8631393,8631393,,6745054,3270659,3288327,3270169,,,,,0,285197,241069,5186450,4133385,4169792,5227569,5209336,4174665,4136979,5058363,5060998,4136979
Senator,N/A,VT,10463,7181,6608,14503,14972,6739,16182,,11665,5222,10042,0,9117,9343,5253,5451,12083,12384,5885,14422,,9038,0,0,4499,0,7496,0,6143,,,,,,200020,139253,159738,178573,192243,,190376,,,,,,,110335,0,,,,,,,,234081,0,99215,182820,242820,,,,214666,197255,,,,,,187093,0,9208,6328,7739,12038,12518,8155,11113,15504,,11113,1,7379,5494,5347,7818,8096,5660,16900,,12780,0,0,1577,0,1538,0,1632,586,972,0,1929,465,321,275,749,644,149,725,,518,192,0,144,,,,,,88431,166817,139344,95369,103637,,121430,,,,,,,151261,108417,,,,,,,,94892,0,248412,157065,112704,,,,99564,114177,,,,,,70226,74815,625741,496508,,,,,,300498,315295,306679,315067,313809,,327892,,,,,,,274087,271295,,,,,495800,,,,624313,624340,345530,317056,497386,362711,356234,524482,367428,,,,346920,643077,,343854,524482,,,,,,267021,272624,0,14981,20258,590223,472559,469945,579340,576601,470716,474146,573201,,474146
Senator,N/A,WA,603766,436767,403323,812035,854617,423048,939846,939846,701888,344578,656578,0,584457,324706,206172,221880,410999,425653,229338,446240,446240,301490,0,0,183605,0,279720,0,223861,,,,,,2000176,1759961,1697755,1742152,1913369,,2057338,,,,,,,,,1802451,,,,,,,2226385,2260800,2294208,2876916,2369570,,,,1826682,2089131,,,,,,,,755512,456174,385016,937579,971522,411466,690674,1059213,1059213,690674,55,198924,132878,123366,219642,223318,124519,313633,313633,224554,0,0,60031,0,75677,0,68149,37085,23363,0,31957,70220,42906,29092,93739,94943,29612,114189,114189,73674,49219,0,43639,,,,,,978810,1475914,1423858,1221366,1328950,,1479514,,,,,,,,,1281864,,,,,,,1714914,1633943,1749054,0,1584639,,,,2116123,1818879,,,,,,,,6721437,5140588,,,,,,2978984,3235874,3121615,3208210,3242318,,3594786,,,,,,,,,3084315,,,,5257914,,,,7404107,7512465,3945267,3898059,5344761,4056407,3635991,6024689,4087575,,,,3947471,7705281,7705281,3911349,6024689,,,,,,,,0,388477,323448,4874854,3914528,4063394,5073945,5067909,4094416,4058504,4918820,4918820,4058504
Senator,N/A,WI,151513,97076,88059,194286,203052,93409,216345,,146640,77343,162010,0,126019,403527,252486,266101,434778,441868,270088,452743,,296313,0,0,249207,0,360526,0,258704,,,,,,,,,1380763,1378663,,1412326,,,,,,1305799,1324200,,1472796,,,,,,,,,,,1630748,,,,,,,,,,,,,336054,199821,172917,394392,408267,181016,284069,447290,,284069,36,86226,56214,55084,92283,93288,55576,144572,,99751,0,0,34968,0,43830,0,35459,4430,14407,0,12562,5117,3285,1220,6554,6653,1212,7470,,4996,2174,0,1446,,,,,,,,,1403425,1477479,,1374573,,,,,,1288566,1294937,,1184751,,,,,,,,,,,1609974,,,,,,,,,,,,,5686828,4347366,,,,,,,,,2972221,2944874,,2851200,,,,,,2642597,2673054,,2660511,,,,4366430,,,,5790716,5806975,,,4392457,,,4612300,3297709,,,,,5893718,,,4612300,,,,,,,,0,134689,119815,4738257,3753547,3781310,4705599,4681072,3789387,3774226,4634018,,3774226
Senator,N/A,WV,16465,12083,9461,19794,20784,9343,22281,,16245,7683,13948,0,12233,76945,52755,56003,85538,84768,55806,90526,,62960,0,0,51340,0,63133,0,52002,,,,,,291232,350405,,188792,,,238722,,,,,,,,,290510,,,,,,,276798,,237024,,235984,,210309,,,,,,,,,,,22268,14764,16265,28368,28679,17063,23483,34827,,23483,3,13314,10313,9060,12682,13391,9578,37689,,29047,0,0,2998,0,3072,0,2761,1547,4314,0,2981,1254,828,332,1778,1735,196,1726,,1162,453,0,333,,,,,,358423,301987,,489371,,,474346,,,,,,,,,271113,,,,,,,487250,,497944,,545382,547454,,,,,,,,,,,,1852994,1465576,,,,,,694153,713855,,713049,,,733000,,,,,,,,,586034,,,,1434360,,,,1817305,1807426,764048,,1428495,768804,,1432932,794652,,778918,,,1793716,,,1432932,,,,,,,,0,39146,46099,1726256,1376801,1341864,1671546,1654681,1335340,1293040,1598834,,1293040
Senator,N/A,WY,6729,4717,3992,8996,9194,4567,9473,,6520,2478,4746,0,4139,7285,4381,4839,9770,10732,5118,9661,,5928,0,0,3552,0,4712,0,3666,,,,,,,,,55973,,,61851,,,,,,,55965,,,,,,,,,,,,,73491,72766,,,,,,,,,,,61227,50231,32070,30748,57341,58854,31850,38153,59046,,38153,1,18596,11973,11892,21089,20414,11601,27480,,18433,0,0,8680,0,11596,0,7883,672,825,0,1760,1063,627,369,1486,1624,412,1714,,1009,482,0,355,,,,,,,,,174419,,,162714,,,,,,,136412,,,,,,,,,,,,,193559,,198100,,,,,,,,,,136210,563626,428224,,,,,,,,,255849,,,234289,,,,,,,203238,,,,,,433375,,,,581024,581348,,,435399,,,441337,276765,271937,,,,576851,,,441337,,,,,,,203420,0,14317,15340,483874,376530,381090,488437,485816,381020,370041,469664,,370041